x,y,color,label
55.327760708434994,52.86043540433025,#1f77b4,a
29.588770315261527,33.349091930444786,#1f77b4,a
28.804162811210517,35.42198308804018,#1f77b4,a
55.5476533245605,52.27298133047742,#1f77b4,a
39.693885459076526,33.05136191689712,#1f77b4,a
32.23155688656137,32.45219265131385,#1f77b4,a
58.18421946174891,66.45344724696719,#1f77b4,a
77.49274171563565,80.78070298770285,#1f77b4,a
80.77051448945312,87.79221268247835,#1f77b4,a
74.02126549863262,74.68223406288155,#1f77b4,a
84.78710915233464,72.30324497539334,#1f77b4,a
55.05813408437209,96.54138149159206,#1f77b4,a
57.44110776017912,100.8629457048333,#1f77b4,a
87.24361248466941,90.90729333806837,#1f77b4,a
83.4525216253565,95.92535902149592,#1f77b4,a
71.40749403459373,108.01942164728894,#1f77b4,a
64.337729624183,106.74875623977977,#1f77b4,a
62.59115030144593,107.5361769919848,#1f77b4,a
59.63535817570262,112.10956936291814,#1f77b4,a
89.70394711817772,98.23002722126057,#1f77b4,a
94.75135691884908,119.43024223848431,#1f77b4,a
94.79507636532468,135.18448264149015,#1f77b4,a
109.326842381012,143.78657954038056,#1f77b4,a
107.5145928287844,125.84488962537256,#1f77b4,a
112.59823730394078,143.52872720945396,#1f77b4,a
113.5088138949898,158.75142722535907,#1f77b4,a
107.33979828620014,143.01580843983214,#1f77b4,a
110.48844036358572,144.97713601009173,#1f77b4,a
100.93181369884609,167.53855561099573,#1f77b4,a
125.03733474516812,176.59463397972922,#1f77b4,a
118.20274072222584,174.68789461562704,#1f77b4,a
94.67227199799764,168.05701975746075,#1f77b4,a
94.20899544850737,185.85307326788654,#1f77b4,a
115.97980379774246,192.96966175152363,#1f77b4,a
104.57913404510846,177.14405123272257,#1f77b4,a
132.31408930099374,213.62872579549395,#1f77b4,a
132.18344153429283,183.6397633101654,#1f77b4,a
128.1173966105488,218.8371923886673,#1f77b4,a
128.141414128833,210.66412766236544,#1f77b4,a
115.23061300360395,184.30948262571962,#1f77b4,a
131.898114253435,199.27315362160266,#1f77b4,a
140.80834185830548,216.39564809103393,#1f77b4,a
128.32225299698578,222.19126233878467,#1f77b4,a
141.34603894924825,224.7941468298011,#1f77b4,a
143.6615509719487,222.83900178998664,#1f77b4,a
128.58072318239311,213.65274929159773,#1f77b4,a
131.61441492090168,233.5460311340853,#1f77b4,a
127.87123968431786,219.77140620040035,#1f77b4,a
147.40105924884412,224.62514201447635,#1f77b4,a
125.73705212036208,220.47151453113077,#1f77b4,a
132.83890426475585,231.38382762363835,#1f77b4,a
138.65066409354364,231.87744045049914,#1f77b4,a
161.04341762863015,243.2026427126711,#1f77b4,a
141.6881896158684,252.67466504190523,#1f77b4,a
157.00191151315437,258.6197556800228,#1f77b4,a
154.9357991852415,247.15408157353622,#1f77b4,a
143.73712247346228,282.1885110409256,#1f77b4,a
151.5828446010906,271.0969052216866,#1f77b4,a
171.33485172738006,290.25469091919666,#1f77b4,a
172.1902066834634,271.2075050173472,#1f77b4,a
187.47638891499525,291.6578546749605,#1f77b4,a
188.8748294328065,263.67466140325445,#1f77b4,a
174.4250205009057,278.46076409041916,#1f77b4,a
162.0015175776156,312.8430557607591,#1f77b4,a
199.12196155406284,319.824374409237,#1f77b4,a
190.26011338977827,316.62896595792375,#1f77b4,a
216.17058607281686,325.69662800962294,#1f77b4,a
190.40979269644154,316.4956698119374,#1f77b4,a
221.26038922529932,319.4143909288472,#1f77b4,a
200.81495538467772,332.4708529300832,#1f77b4,a
227.24553626774474,334.7717399439792,#1f77b4,a
206.8263263480388,337.2370886850377,#1f77b4,a
225.54747339337746,351.0975681842583,#1f77b4,a
232.19764714262945,345.604515992168,#1f77b4,a
228.13162584302904,358.9260847751243,#1f77b4,a
229.30118902098593,324.3279087695894,#1f77b4,a
238.19300640133517,329.70069382604515,#1f77b4,a
231.0135207630986,358.7575295712031,#1f77b4,a
232.90722780237542,335.1503402006954,#1f77b4,a
226.92641108400827,338.59937951845285,#1f77b4,a
217.88347680859113,372.12816093245567,#1f77b4,a
232.45294204809923,352.9889651642209,#1f77b4,a
220.24589282646048,348.9318832711348,#1f77b4,a
250.08110870459936,382.0288038512924,#1f77b4,a
262.8912905411655,371.7075600347253,#1f77b4,a
254.47521678936153,387.11893373171995,#1f77b4,a
245.7922420932314,373.4159710975901,#1f77b4,a
241.16122355224144,367.6397018823516,#1f77b4,a
235.71840359942377,393.745542338149,#1f77b4,a
263.2707732770815,394.87224585162096,#1f77b4,a
248.6800716422027,380.92682678545333,#1f77b4,a
278.9371928621569,384.7907696755922,#1f77b4,a
245.53656052314938,384.3000335092113,#1f77b4,a
264.19763849836824,371.20652831004793,#1f77b4,a
279.4030860812663,395.3948314373778,#1f77b4,a
253.07886272393694,393.70661735644615,#1f77b4,a
273.3909445012912,406.6250160857967,#1f77b4,a
270.2243443542339,394.1069321318011,#1f77b4,a
299.39720381926577,385.838198098141,#1f77b4,a
290.81860575308866,391.19163451209533,#1f77b4,a
296.4365717669534,413.18893837421945,#1f77b4,a
310.40661452793375,406.12305405676295,#1f77b4,a
283.0760654467818,403.5301990177307,#1f77b4,a
282.5072982039845,392.7245070922667,#1f77b4,a
309.08612562176637,418.858348793181,#1f77b4,a
324.08305694190716,415.22595573236947,#1f77b4,a
297.74182510631175,416.63668987217517,#1f77b4,a
316.6753978903601,401.4339178862737,#1f77b4,a
320.2510274154379,403.27751222910945,#1f77b4,a
311.3743561565991,440.71372451048575,#1f77b4,a
336.20155368309025,408.91234952953573,#1f77b4,a
304.3600212450185,419.47642825799795,#1f77b4,a
310.51988328329537,438.8263833475829,#1f77b4,a
315.1309004403301,430.8957928358997,#1f77b4,a
334.7122110927092,423.35424413040073,#1f77b4,a
318.2523690856113,438.13454365861526,#1f77b4,a
340.4467001433492,438.16454892123545,#1f77b4,a
341.2319704115015,449.1029981688828,#1f77b4,a
339.37945947864046,423.9446924495619,#1f77b4,a
345.4289185155272,450.64853812590445,#1f77b4,a
357.895354631335,440.8738463428843,#1f77b4,a
338.6344107299046,425.812567832157,#1f77b4,a
358.1588015050575,449.32072299028937,#1f77b4,a
375.2367248214938,446.29590048679336,#1f77b4,a
366.3094651480852,431.3730856380306,#1f77b4,a
343.6840210908248,454.24435629246017,#1f77b4,a
358.9158494992806,460.62119784878024,#1f77b4,a
352.37970817896195,458.5542655001905,#1f77b4,a
348.6907590605837,448.83746429163017,#1f77b4,a
348.99965573351267,453.11359966972844,#1f77b4,a
365.42614534648294,451.10363331550093,#1f77b4,a
350.8920120130805,458.3454854208227,#1f77b4,a
360.7601835752871,434.19667631882766,#1f77b4,a
379.7000628368341,448.83774343257346,#1f77b4,a
366.14508688607475,444.2516377863039,#1f77b4,a
365.28240749331997,454.3382715516569,#1f77b4,a
375.6145447512067,434.7166205682217,#1f77b4,a
362.0762781807127,442.2779099612075,#1f77b4,a
374.73270124083245,466.65637614292564,#1f77b4,a
372.2904635552827,446.01866939922763,#1f77b4,a
377.1891275179131,463.27545444136763,#1f77b4,a
391.8398645257145,461.83312381720384,#1f77b4,a
411.75459981725487,446.92909127961764,#1f77b4,a
423.09792265488585,449.6471323681541,#1f77b4,a
409.8757094504153,466.2931829557277,#1f77b4,a
429.87081383788,433.17308395614714,#1f77b4,a
420.35049400229747,463.3859428834492,#1f77b4,a
430.38116179283503,442.64560525353113,#1f77b4,a
432.43609959629936,440.7414383902819,#1f77b4,a
428.64530859434046,453.19933308960344,#1f77b4,a
440.50262194616977,456.0807337310697,#1f77b4,a
424.3821355121393,456.9852757872965,#1f77b4,a
417.525400134817,438.1684099206605,#1f77b4,a
438.6099275331665,451.84629054608786,#1f77b4,a
424.5174586526802,446.19285458838954,#1f77b4,a
450.57804521054345,423.20586976212985,#1f77b4,a
423.53584266382353,442.68982295310303,#1f77b4,a
454.1836830618904,429.29449552408227,#1f77b4,a
438.48018565254074,414.60777278255136,#1f77b4,a
464.25301234835763,437.9559391427373,#1f77b4,a
437.2136777714661,437.01394728225335,#1f77b4,a
433.2060379050489,414.7131625882512,#1f77b4,a
441.90118313616273,439.10021503109385,#1f77b4,a
457.37094445196095,428.70723075610385,#1f77b4,a
438.17385241116006,442.3985386395105,#1f77b4,a
454.7009176819778,443.54327199610793,#1f77b4,a
450.3905319710848,412.297296852614,#1f77b4,a
457.37314354717375,408.7439133378101,#1f77b4,a
447.4922301124858,440.6509997772893,#1f77b4,a
449.7661000606404,427.16479549810333,#1f77b4,a
474.63533533244265,425.64549552113715,#1f77b4,a
485.17143373640624,410.9639340178248,#1f77b4,a
491.90913754315665,410.0854369469081,#1f77b4,a
483.1708417049087,425.0870888891238,#1f77b4,a
472.6986506813441,393.26103075146136,#1f77b4,a
490.4195403671379,393.4431009053626,#1f77b4,a
469.4590773731324,420.00449702356207,#1f77b4,a
475.49919088845564,425.957762492196,#1f77b4,a
491.9389513751477,413.38199949738225,#1f77b4,a
504.2356770666405,403.79542536467966,#1f77b4,a
495.1424056282446,396.46242935778605,#1f77b4,a
485.5839741610732,388.58362745494765,#1f77b4,a
489.0372574737149,396.40431613232147,#1f77b4,a
485.09886144174754,423.4267251569399,#1f77b4,a
488.5323415097796,395.1654539994209,#1f77b4,a
491.78797220459626,383.96728233216754,#1f77b4,a
475.52007637484127,411.46616868717183,#1f77b4,a
500.7481709610799,388.337399596625,#1f77b4,a
484.7170362185993,401.2134213403534,#1f77b4,a
521.7788767444434,400.7820952146725,#1f77b4,a
499.8411462582934,401.95870281592124,#1f77b4,a
494.53274495288576,387.48280008135134,#1f77b4,a
532.1937404804928,369.6789755096287,#1f77b4,a
535.2677047371184,361.4377635348685,#1f77b4,a
527.0598295244992,373.67533860807123,#1f77b4,a
547.8962981419039,376.7419923804059,#1f77b4,a
525.3286194253258,346.2527050957576,#1f77b4,a
552.6158790659596,351.2435587016384,#1f77b4,a
525.2779970898841,343.5143738174497,#1f77b4,a
551.2938557288455,351.8088890338475,#1f77b4,a
542.8188043405092,355.84015939979827,#1f77b4,a
538.1969495739858,336.5337210782525,#1f77b4,a
544.0220564399517,314.90059504077544,#1f77b4,a
573.0374179290219,311.7361180569055,#1f77b4,a
548.4949178981013,338.97492613156237,#1f77b4,a
578.1378004451553,322.5007369645788,#1f77b4,a
555.616616479892,327.63902778802725,#1f77b4,a
576.0771639600702,326.24935187978434,#1f77b4,a
582.7345787304928,317.3187288212795,#1f77b4,a
586.6569209915604,325.1593604131509,#1f77b4,a
562.5467238555702,323.80009124166793,#1f77b4,a
567.4760720097382,301.4194659730195,#1f77b4,a
570.5086019513228,321.7019000238366,#1f77b4,a
578.9127245461492,302.33886887693825,#1f77b4,a
592.2576444829909,278.03278237007277,#1f77b4,a
599.5596656221123,305.6864148073173,#1f77b4,a
579.6898099186917,294.8057789300302,#1f77b4,a
599.4160600977375,267.57605102724233,#1f77b4,a
617.3662493576594,272.8561334986814,#1f77b4,a
609.1830459672112,243.3563412500563,#1f77b4,a
612.4520933336759,262.6866684844881,#1f77b4,a
643.8534991646655,238.93920198293273,#1f77b4,a
614.9814553635279,225.00413708692048,#1f77b4,a
648.2829891514763,246.4124567161786,#1f77b4,a
620.7354288957455,224.63310659738943,#1f77b4,a
655.4714224544763,238.17088474508387,#1f77b4,a
625.2832772264137,207.7248394508769,#1f77b4,a
661.5803070439174,202.4732535965424,#1f77b4,a
634.7187399688661,191.2891079035092,#1f77b4,a
652.944534136643,219.13711398343446,#1f77b4,a
662.639543313796,180.72340919668807,#1f77b4,a
663.5886602932359,191.12087929771928,#1f77b4,a
651.2664403614668,169.0635849347438,#1f77b4,a
680.0417771873063,189.7397746978225,#1f77b4,a
666.6641121924506,180.68143284202625,#1f77b4,a
659.4815952547692,161.1736538894284,#1f77b4,a
691.0411448133274,168.90293175193898,#1f77b4,a
688.1064102808097,148.7782639349835,#1f77b4,a
678.5104737057702,154.07154603424726,#1f77b4,a
685.0649897750717,150.86376506451023,#1f77b4,a
677.9303734119485,161.19547496164768,#1f77b4,a
677.2897626974543,146.4096814339964,#1f77b4,a
692.1150202473995,148.97395708810552,#1f77b4,a
680.0065031542415,115.6190676389183,#1f77b4,a
675.0697717270741,119.0040471366305,#1f77b4,a
680.3075622686696,119.9086483712112,#1f77b4,a
678.575397186817,120.0520236478493,#1f77b4,a
687.350486093822,128.66111277786422,#1f77b4,a
701.8199156315211,108.61493482673882,#1f77b4,a
718.6546143826556,122.89586430103162,#1f77b4,a
701.663550177323,93.30338108692337,#1f77b4,a
717.5148690381992,113.68500110316324,#1f77b4,a
716.3997999021681,95.91626895678525,#1f77b4,a
697.2454389891626,101.37352116481543,#1f77b4,a
697.0565427566803,98.78172378780886,#1f77b4,a
699.0202152594389,103.79070240227884,#1f77b4,a
723.4888977963443,98.28496644205097,#1f77b4,a
726.3179145370462,107.96349045531804,#1f77b4,a
725.3693784725485,95.62889357754443,#1f77b4,a
730.2273141872466,84.53889907685954,#1f77b4,a
723.1665587164196,85.22502928379777,#1f77b4,a
736.1053626024235,66.86208482931721,#1f77b4,a
745.6177438991415,75.10627217045959,#1f77b4,a
740.6067474111646,63.41073929172751,#1f77b4,a
728.6301967799743,88.63138646472981,#1f77b4,a
751.3172104130854,81.8921724976745,#1f77b4,a
747.7953153865224,75.24903293982493,#1f77b4,a
739.7223619552817,76.23508664400174,#1f77b4,a
724.8376055083976,54.6530238963843,#1f77b4,a
753.4279447265137,56.74528711866759,#1f77b4,a
726.9591963418364,82.40509940419389,#1f77b4,a
735.648551433482,79.5167407676513,#1f77b4,a
762.7855403509478,71.87049305291612,#1f77b4,a
766.6097567704888,74.20449874441499,#1f77b4,a
756.9704696738063,76.47688589178892,#1f77b4,a
748.4717912919034,78.42523301782103,#1f77b4,a
757.9187893849007,45.205165783887594,#1f77b4,a
731.4782136037392,48.28119596582775,#1f77b4,a
749.755224776675,64.31406333885218,#1f77b4,a
739.0557163979777,60.95553302715399,#1f77b4,a
741.3688600194286,42.21592513624654,#1f77b4,a
746.4895931402225,39.4069111571751,#1f77b4,a
745.4078746093285,48.367281325164925,#1f77b4,a
759.1740392952096,65.16937869626719,#1f77b4,a
762.6503807121155,30.95117445277583,#1f77b4,a
761.6372678217916,61.896637745636724,#1f77b4,a
754.7586259063138,51.81027313452819,#1f77b4,a
754.9163896528001,32.19676994561701,#1f77b4,a
758.8610567323867,62.14634674652842,#1f77b4,a
755.0025704929442,48.79374723641075,#1f77b4,a
771.9174101372352,41.79012085815606,#1f77b4,a
744.9204516634646,29.877028980551074,#1f77b4,a
758.5194100121612,59.941940874784166,#1f77b4,a
754.2309770741157,43.524553397273564,#1f77b4,a
753.5211720955533,44.12852696470429,#1f77b4,a
754.1648250204253,56.58385795323545,#1f77b4,a
749.907139674817,32.157069465207826,#1f77b4,a
770.7218508581483,47.29170980009212,#1f77b4,a
741.9093885399066,28.788099647111835,#1f77b4,a
779.0777823155141,43.80321244101037,#1f77b4,a
750.6958035925906,54.61127757682732,#1f77b4,a
755.9531160576684,64.16404177287222,#1f77b4,a
740.8224973968236,66.00614433174837,#1f77b4,a
753.0426509908059,49.534231880824905,#1f77b4,a
772.4964757023372,35.78535904329783,#1f77b4,a
773.9668358529242,65.68988851803431,#1f77b4,a
744.3467012617914,47.36550268282252,#1f77b4,a
777.7954672919291,82.52299176899504,#1f77b4,a
741.8191736548744,58.487374408099015,#1f77b4,a
742.3346109281074,83.9691059507594,#1f77b4,a
762.2740744264033,93.51700241257942,#1f77b4,a
747.7503897615343,92.28214523064236,#1f77b4,a
761.4350166528568,91.92633775723408,#1f77b4,a
746.4870235524613,94.5064264525925,#1f77b4,a
763.3086512407406,98.770479587985,#1f77b4,a
752.0293988290803,100.76912109470453,#1f77b4,a
741.8482291267325,111.71766823944029,#1f77b4,a
740.9018321684032,114.7876675637869,#1f77b4,a
724.9297727906616,121.76451748707387,#1f77b4,a
747.5627490096355,137.74094618687457,#1f77b4,a
737.9954760308277,124.34747087912604,#1f77b4,a
720.5759404124038,151.11770065585569,#1f77b4,a
718.4773392875439,126.75502051417686,#1f77b4,a
728.8735505178115,144.3214073137301,#1f77b4,a
732.484059173337,168.45165790144773,#1f77b4,a
737.095960372252,166.71016699616183,#1f77b4,a
728.5008672906058,173.9642038433069,#1f77b4,a
698.8837936015682,145.14810638322632,#1f77b4,a
708.2199032600032,177.72423852750018,#1f77b4,a
705.7264219694792,165.66883841623377,#1f77b4,a
702.6088981407913,185.6741343834022,#1f77b4,a
688.7865936008865,154.27461275085494,#1f77b4,a
692.2137571300221,169.83097733939246,#1f77b4,a
710.0851840818716,162.4857552896633,#1f77b4,a
688.6849322582667,181.02317036948796,#1f77b4,a
671.2898950541883,201.48433334515084,#1f77b4,a
678.0967969504095,177.92246757329946,#1f77b4,a
696.7679294060082,194.39729049625709,#1f77b4,a
678.580960102386,199.7199558586483,#1f77b4,a
694.224350202188,197.57858677330495,#1f77b4,a
676.0251742081855,194.74555052811326,#1f77b4,a
653.3403320508287,207.06987110447432,#1f77b4,a
672.2104681737494,194.6926650402351,#1f77b4,a
656.7144204338996,220.34821494282602,#1f77b4,a
653.925510282816,208.71930434024972,#1f77b4,a
644.8157135534053,204.11953738883233,#1f77b4,a
661.7552110849307,198.9864909340501,#1f77b4,a
643.7248693933278,209.29942572159263,#1f77b4,a
658.6521703598959,201.12370181909063,#1f77b4,a
639.4570406731955,204.79453850826252,#1f77b4,a
639.8897803301317,215.4783892424909,#1f77b4,a
654.3686719776812,214.38602582264974,#1f77b4,a
635.8685035127918,233.35499898345495,#1f77b4,a
650.0443367800568,208.75594643441877,#1f77b4,a
647.9456117967346,226.40947296869695,#1f77b4,a
628.2824791144086,238.97627243517076,#1f77b4,a
659.7911130976416,247.33635138047623,#1f77b4,a
640.4773804611061,249.08327188085943,#1f77b4,a
660.70178936689,229.10097671358403,#1f77b4,a
644.7502676562049,246.3211255339284,#1f77b4,a
649.4629436538218,248.8594595392018,#1f77b4,a
637.477038048016,265.81088606289,#1f77b4,a
651.3448996708789,258.01627289331185,#1f77b4,a
633.4880349683548,250.18276810967052,#1f77b4,a
640.6285164254438,249.16346061249183,#1f77b4,a
635.4169872818092,253.29998622475594,#1f77b4,a
626.0802008228515,270.81645767054147,#1f77b4,a
610.5053198809804,260.41477845976317,#1f77b4,a
626.9067542806098,257.5891673944375,#1f77b4,a
625.131258706643,244.96474371893993,#1f77b4,a
613.4990385270073,249.86465924722793,#1f77b4,a
626.5512474045024,250.91735434287983,#1f77b4,a
622.8299136289559,263.9010678615515,#1f77b4,a
613.4736831006279,270.8181698182399,#1f77b4,a
605.5399491000754,263.9656386570582,#1f77b4,a
627.8857311170518,285.09765003476093,#1f77b4,a
613.5567698764736,278.3204792366822,#1f77b4,a
609.3956253457745,267.77452404358155,#1f77b4,a
609.587308124565,274.48232686025926,#1f77b4,a
597.997038145195,287.03690881094303,#1f77b4,a
629.193847625994,290.4929707104976,#1f77b4,a
607.1838868935733,274.94798536736994,#1f77b4,a
603.2970588391087,299.46533788797524,#1f77b4,a
592.0668929979004,286.7845690714064,#1f77b4,a
591.9797948088097,265.95006544944465,#1f77b4,a
612.6161643962095,284.5594486802888,#1f77b4,a
609.1749515949745,281.5537113073277,#1f77b4,a
593.4504130544807,289.90614770932325,#1f77b4,a
608.8532408329199,298.3537530828296,#1f77b4,a
601.6444855523304,296.82620945718975,#1f77b4,a
581.2256374439929,287.8821331534985,#1f77b4,a
588.8777663751243,294.8250697340856,#1f77b4,a
604.6074836301976,303.95020415396266,#1f77b4,a
592.829561155716,292.3374353923906,#1f77b4,a
600.5358839286669,288.2244783622423,#1f77b4,a
604.191982186553,285.77446747894726,#1f77b4,a
580.7677390618335,282.40432961802645,#1f77b4,a
592.0019675894239,289.46959569614285,#1f77b4,a
586.9708846595172,308.5210461745547,#1f77b4,a
581.1055375271247,282.1949692367935,#1f77b4,a
583.7997611341716,303.7868792574086,#1f77b4,a
578.577097790388,286.82696757136307,#1f77b4,a
574.2706025400825,311.73156258154506,#1f77b4,a
601.750717367374,291.51916855890545,#1f77b4,a
591.350732575303,287.2024212766861,#1f77b4,a
599.7063749734806,315.68685415293294,#1f77b4,a
566.0522437341295,308.37329909079165,#1f77b4,a
580.3194021248918,302.7055695548785,#1f77b4,a
570.8277938384842,297.2763867181816,#1f77b4,a
569.4941390990717,300.54402607251814,#1f77b4,a
565.0463158196399,295.9269962287189,#1f77b4,a
568.8623634712109,333.2082543139519,#1f77b4,a
586.0038246607756,304.5870988366321,#1f77b4,a
554.4882133083051,323.27317039289744,#1f77b4,a
590.5866931782431,313.8584933136693,#1f77b4,a
561.361316694265,310.50961403582266,#1f77b4,a
568.9595584141626,330.3724213987007,#1f77b4,a
567.1023965369955,350.289845016864,#1f77b4,a
545.3308448613428,322.6024322666454,#1f77b4,a
552.718005804348,345.34350237806996,#1f77b4,a
550.6089061030057,336.19696732564466,#1f77b4,a
539.7140273655235,367.22672123194883,#1f77b4,a
546.8666732039894,337.5023717565464,#1f77b4,a
527.0110339708591,367.6897120803714,#1f77b4,a
536.4318963785922,347.326195439746,#1f77b4,a
539.975937673196,373.2533226602013,#1f77b4,a
515.9034984768793,384.94151677916403,#1f77b4,a
540.7397458028464,392.04776415368997,#1f77b4,a
525.6473855244656,376.779433711807,#1f77b4,a
541.0093603233853,383.26925106403667,#1f77b4,a
534.6756595695796,391.7172742694182,#1f77b4,a
536.5112725608503,394.4025830561251,#1f77b4,a
532.7161662164069,392.6094044270579,#1f77b4,a
537.8647951563215,398.03884429683154,#1f77b4,a
505.7353345270935,387.1114131643984,#1f77b4,a
514.6203801857985,380.8288626620854,#1f77b4,a
512.214920159262,371.0171648802054,#1f77b4,a
520.187128552742,385.22209092855786,#1f77b4,a
531.5883674507808,368.58344476817985,#1f77b4,a
532.0373218167491,370.56897318286724,#1f77b4,a
520.6311026467289,374.6889634000567,#1f77b4,a
518.1563083505066,394.43960839665306,#1f77b4,a
531.2213003364661,405.822329855724,#1f77b4,a
510.23632221076116,393.7398001079002,#1f77b4,a
499.33965091251986,382.40971776603857,#1f77b4,a
489.23262957305366,396.13484043620264,#1f77b4,a
511.80387589559916,400.0097359088972,#1f77b4,a
514.4348498085357,411.0233538386498,#1f77b4,a
513.0124421747036,387.6776995638739,#1f77b4,a
490.98622145351726,391.1741802596922,#1f77b4,a
517.8508073441519,407.3642610000871,#1f77b4,a
508.7877945362038,374.44953311066934,#1f77b4,a
471.92615129515787,404.95106339122617,#1f77b4,a
479.59608506485705,392.20321684977506,#1f77b4,a
484.80921037935525,404.9558091491183,#1f77b4,a
470.85474339139313,399.12164276885164,#1f77b4,a
495.85696970628254,390.8445312771098,#1f77b4,a
465.8569596264213,394.39860437402444,#1f77b4,a
477.6590302700272,401.50506470768573,#1f77b4,a
451.92279535011,415.4248199615139,#1f77b4,a
468.14336847387756,405.24959022774533,#1f77b4,a
446.11530924631165,399.7410567011781,#1f77b4,a
452.3526015123941,413.53369475584924,#1f77b4,a
423.51854948784825,395.72160925706726,#1f77b4,a
432.232005914756,391.2796304746583,#1f77b4,a
433.625268440395,403.1682312762712,#1f77b4,a
422.8890601576162,408.2110338850569,#1f77b4,a
426.734260899562,403.17580100400716,#1f77b4,a
417.72413803347484,426.00836771912606,#1f77b4,a
441.8246814139299,391.7607339420704,#1f77b4,a
439.4794048108087,395.9763618367382,#1f77b4,a
413.86493535449097,404.05681048416363,#1f77b4,a
431.9062954344302,420.8265526605727,#1f77b4,a
419.5826705959253,403.7150913780786,#1f77b4,a
422.8832976614844,403.82575281846465,#1f77b4,a
400.36539750391023,427.64925408130784,#1f77b4,a
412.2755740005013,396.9365222162676,#1f77b4,a
395.246345697616,398.98554984983485,#1f77b4,a
405.4076470322527,431.0258733070275,#1f77b4,a
394.818661277087,429.99404039839544,#1f77b4,a
387.2957830581127,394.27842193988687,#1f77b4,a
381.38631161804733,432.6967288369201,#1f77b4,a
384.4395805284761,427.08790652908976,#1f77b4,a
371.3169718997768,429.3137830770028,#1f77b4,a
383.90890902175903,395.5837465789574,#1f77b4,a
372.1832281770362,431.7150896346036,#1f77b4,a
379.6564933344063,397.840749491803,#1f77b4,a
383.31208890571753,415.32554502079597,#1f77b4,a
392.7182284000866,424.66106478514956,#1f77b4,a
376.4203079681939,419.8034976334351,#1f77b4,a
374.9354796042378,419.2177020669634,#1f77b4,a
357.08515407063345,410.62484744229425,#1f77b4,a
363.7006412093047,418.6963130982092,#1f77b4,a
363.438047028907,408.9015866739567,#1f77b4,a
356.75623035259787,419.51053965590756,#1f77b4,a
359.34138717925384,412.3564839063048,#1f77b4,a
345.45736254843735,427.4202529662578,#1f77b4,a
346.26590348455017,405.0451670225384,#1f77b4,a
345.7191135970228,396.34770744028253,#1f77b4,a
343.1825239052751,397.5279593918613,#1f77b4,a
343.16587158719904,390.3671519858093,#1f77b4,a
321.8549562498011,409.86330165539596,#1f77b4,a
328.5294767243589,405.56985449221827,#1f77b4,a
305.9016731076188,400.0154477790885,#1f77b4,a
314.1366434068634,402.68011513008275,#1f77b4,a
335.1155275441551,416.7275002525283,#1f77b4,a
321.7325500328212,410.38912530602926,#1f77b4,a
307.1498592388219,388.64749780193773,#1f77b4,a
320.70726334808927,418.93195515131714,#1f77b4,a
307.6211974889597,386.07522135569167,#1f77b4,a
295.3856118908616,383.6696473108115,#1f77b4,a
292.35749487733233,379.8251141638592,#1f77b4,a
322.6849021719021,409.0583309973348,#1f77b4,a
327.26577623878404,403.7001906477853,#1f77b4,a
287.42642346277256,379.32726344587377,#1f77b4,a
299.81661073292315,399.3982106615708,#1f77b4,a
304.30943540740157,403.28442167494177,#1f77b4,a
311.22581005384154,387.2842020003662,#1f77b4,a
296.26022040590027,397.25246665363045,#1f77b4,a
285.009964294432,410.4267756011477,#1f77b4,a
315.7482203428297,400.82302058330174,#1f77b4,a
314.0628247961264,379.12265567982996,#1f77b4,a
275.07473057067284,392.0573478078341,#1f77b4,a
300.1346833238402,402.145468953264,#1f77b4,a
298.7303698691146,367.04139239830414,#1f77b4,a
284.78091289494836,395.0189794403211,#1f77b4,a
273.73854041815946,381.5024621530365,#1f77b4,a
276.0087515560415,388.36473250734684,#1f77b4,a
259.4095204784377,374.6742628146129,#1f77b4,a
287.2576354220639,379.4972548667654,#1f77b4,a
254.6990836179359,361.25868506491975,#1f77b4,a
267.6558657382955,349.13552966993734,#1f77b4,a
250.66060560258734,371.4630446937656,#1f77b4,a
272.5466992521747,340.0410234252953,#1f77b4,a
267.5490769069579,361.1627227330413,#1f77b4,a
232.7743256196303,334.6195215531253,#1f77b4,a
240.02780209229078,341.83100480370604,#1f77b4,a
254.84250837057203,332.7806075045952,#1f77b4,a
255.93259232391574,363.08602614883637,#1f77b4,a
254.63336954660602,336.72570396916444,#1f77b4,a
225.59162617683353,349.30704584534095,#1f77b4,a
251.70790172005047,334.83148160526196,#1f77b4,a
246.8145474103443,334.46069086468367,#1f77b4,a
218.70963228062053,333.265450309176,#1f77b4,a
238.05494013485907,318.91574762893106,#1f77b4,a
233.86919422666728,330.4919823420355,#1f77b4,a
205.5841339366132,312.1319457502303,#1f77b4,a
228.66016097895454,328.34255038176735,#1f77b4,a
211.49022230591532,332.5726665027663,#1f77b4,a
209.8842478724443,333.88491433565406,#1f77b4,a
185.66704720488045,323.87716772427746,#1f77b4,a
210.58255423140332,308.27100722330476,#1f77b4,a
188.1093780375682,311.82166337858473,#1f77b4,a
194.74622161537474,324.63315258778493,#1f77b4,a
181.33843224152633,324.332938367073,#1f77b4,a
178.3329386698102,312.00186632647615,#1f77b4,a
192.43628915842183,303.7086463327558,#1f77b4,a
166.4912163700594,291.1993774204227,#1f77b4,a
164.62082662685816,289.0088767817396,#1f77b4,a
172.95257625136628,283.06405025627134,#1f77b4,a
187.10943713840675,292.48986632386595,#1f77b4,a
161.1950298312367,296.6800634956334,#1f77b4,a
147.85412802767465,297.0256200084863,#1f77b4,a
155.21923623384578,281.8839852845913,#1f77b4,a
133.2333954938468,260.6174718004917,#1f77b4,a
141.72758382277667,255.0878061297481,#1f77b4,a
150.56650674032738,282.06541691485273,#1f77b4,a
140.07502634578668,262.71223472708914,#1f77b4,a
149.91000505458416,274.8077156049751,#1f77b4,a
144.40612433526874,250.39578083272653,#1f77b4,a
137.35807301104504,249.49308742287278,#1f77b4,a
117.57203205081292,234.02865025854578,#1f77b4,a
102.39147447213408,245.4554156165069,#1f77b4,a
109.75652439221871,220.82281324403777,#1f77b4,a
127.413528512494,224.4282927286689,#1f77b4,a
130.42265746678117,214.51234708027545,#1f77b4,a
99.51130769046247,239.9823600574215,#1f77b4,a
123.0848543448524,237.35999522356445,#1f77b4,a
126.99381041059867,236.96847419670524,#1f77b4,a
128.5571098318267,211.03386456096496,#1f77b4,a
87.83086873917082,211.86321818634798,#1f77b4,a
99.54051588857143,224.86469595827418,#1f77b4,a
111.34545029991159,195.2379699577308,#1f77b4,a
95.05258482145285,211.29235510483608,#1f77b4,a
82.70915270154978,206.63132334145945,#1f77b4,a
84.43532608318559,179.44236928834653,#1f77b4,a
92.28573710386259,196.2184052864866,#1f77b4,a
91.36164345184592,191.83104125510607,#1f77b4,a
78.73300759242923,176.00239416327054,#1f77b4,a
104.29263243694601,189.1937349636732,#1f77b4,a
64.5665743091094,169.31654884196269,#1f77b4,a
91.62026951761467,175.31900772835218,#1f77b4,a
92.7655871622841,173.9311160150495,#1f77b4,a
94.66155537489573,164.71882002808462,#1f77b4,a
81.15842586324796,146.03332286667933,#1f77b4,a
92.29191340757318,161.0881916571965,#1f77b4,a
58.43411718801946,153.62508950135862,#1f77b4,a
90.33575302446799,149.08713167196782,#1f77b4,a
50.75166887919146,142.02906664668416,#1f77b4,a
51.288361634969476,122.57126224525541,#1f77b4,a
59.92090176505746,149.11289703846842,#1f77b4,a
61.324045323485464,135.8678078214599,#1f77b4,a
71.44746919490888,138.06314519095736,#1f77b4,a
70.57864645896935,132.13471143906082,#1f77b4,a
82.71958633714377,126.31278640409886,#1f77b4,a
65.24495333031987,139.55929451952613,#1f77b4,a
55.05712019133895,104.50116924348612,#1f77b4,a
75.61885892280839,123.43153588658129,#1f77b4,a
51.654341535618485,123.57702579239657,#1f77b4,a
56.42096996777761,121.70590600655942,#1f77b4,a
70.13508073033195,108.06482458843982,#1f77b4,a
75.13300005353395,128.1279276574714,#1f77b4,a
55.01000391196365,99.51857309966351,#1f77b4,a
60.48309583235257,102.79554424867564,#1f77b4,a
61.25866943269482,116.87546513241563,#1f77b4,a
71.75840008724447,127.04864985866209,#1f77b4,a
43.5742768734738,94.63739145286581,#1f77b4,a
64.4628212563343,91.86877849723055,#1f77b4,a
47.81077531503426,85.85830280257818,#1f77b4,a
50.19772432463418,82.2324184863748,#1f77b4,a
35.56124901387032,91.45130132436128,#1f77b4,a
62.06342638184313,95.63554426158419,#1f77b4,a
47.856836426215736,101.09673857739796,#1f77b4,a
72.02759341113955,108.91704679158374,#1f77b4,a
45.79720039569279,108.65888839238949,#1f77b4,a
39.96578017661003,80.53311104238651,#1f77b4,a
70.55543995309458,77.60531185074922,#1f77b4,a
44.80162440747161,71.14750071523162,#1f77b4,a
49.05442153862584,78.16848961423136,#1f77b4,a
54.02274192142591,88.47555062979012,#1f77b4,a
51.670071053028884,95.1134487574954,#1f77b4,a
46.40300960648079,75.04398825411977,#1f77b4,a
37.06858819756956,86.70677042528786,#1f77b4,a
29.564494408941727,60.305922475635384,#1f77b4,a
60.19216651166436,72.13547250970356,#1f77b4,a
64.20400109103645,78.63100131764179,#1f77b4,a
60.47539047798622,78.58686076233698,#1f77b4,a
39.361475805012304,87.48795379817511,#1f77b4,a
46.13064109780963,57.840263201242635,#1f77b4,a
45.498645395285166,48.187873783182795,#1f77b4,a
29.717474975414206,46.54003294621458,#1f77b4,a
55.2766187160518,75.6770725006051,#1f77b4,a
37.95262563383927,71.54995963285279,#1f77b4,a
37.46887231804531,76.91640878505353,#1f77b4,a
56.7029547147372,77.20777699710055,#1f77b4,a
57.42006310736765,56.338939288898644,#1f77b4,a
60.84202952130419,53.60342805804959,#1f77b4,a
33.66344409318093,53.86259550177016,#1f77b4,a
39.688131585132794,61.30772111221495,#1f77b4,a
50.670681990297936,49.190288449586205,#1f77b4,a
59.7492365772616,82.43226315454433,#1f77b4,a
31.573714130881637,56.09318847941012,#1f77b4,a
42.03932130994157,70.33981902745802,#1f77b4,a
45.38350620736004,73.47624538783418,#1f77b4,a
35.75162334644388,43.84785699606016,#1f77b4,a
41.883525043190104,75.88811251828298,#1f77b4,a
31.9887634232994,42.45723318491878,#1f77b4,a
44.21004195193045,69.5433578684,#1f77b4,a
49.28090937824563,53.98176473786634,#1f77b4,a
49.79783631607452,74.34780393384051,#1f77b4,a
69.6008000414277,66.07741131978787,#1f77b4,a
67.93012322441948,62.23063603835419,#1f77b4,a
68.64652415581197,51.706609443929665,#1f77b4,a
71.2658782594406,60.065669070191404,#1f77b4,a
86.89826351188567,37.61136392021399,#1f77b4,a
73.56801613803053,65.58669317279396,#1f77b4,a
87.41999501341738,54.18115958697081,#1f77b4,a
92.86740482785827,39.88424099461179,#1f77b4,a
69.9277214291623,37.86699960613515,#1f77b4,a
93.70010593969997,53.19179818266798,#1f77b4,a
95.99169228371696,63.190998841385124,#1f77b4,a
102.2563487612424,46.45904632532711,#1f77b4,a
72.4577246573184,76.56002941882025,#1f77b4,a
80.56465245415706,76.74856463853212,#1f77b4,a
89.51135030358492,55.971535801607274,#1f77b4,a
98.32601517111861,80.95913339849238,#1f77b4,a
102.46497234491025,58.64061620935962,#1f77b4,a
107.7987778129926,89.56822475405522,#1f77b4,a
93.99266715522856,63.88809461334989,#1f77b4,a
86.38564368970853,98.0627753476686,#1f77b4,a
90.92617289623607,73.74904050379348,#1f77b4,a
121.34183695866315,84.2199199336738,#1f77b4,a
121.64623630764795,78.63640233155633,#1f77b4,a
104.5292912762956,107.31195385806512,#1f77b4,a
93.44324623533933,95.24144395890238,#1f77b4,a
93.62477610627059,81.9637349843681,#1f77b4,a
121.65281131980643,95.03140946368654,#1f77b4,a
124.37193480598131,94.76587036774106,#1f77b4,a
133.37364855243655,105.03663382772714,#1f77b4,a
130.85742076319127,118.97275995022278,#1f77b4,a
95.11420900505053,92.65656192261383,#1f77b4,a
136.60647563420764,94.65471620287911,#1f77b4,a
114.693668324649,117.77440459583738,#1f77b4,a
122.40611697359351,112.14026220193244,#1f77b4,a
118.4824728964058,137.89084621287304,#1f77b4,a
126.363551582216,141.54628479345365,#1f77b4,a
140.06722963490245,117.19149077599849,#1f77b4,a
120.60814386749213,128.1445452844153,#1f77b4,a
138.8118135988201,142.9890207566416,#1f77b4,a
144.60904453896202,135.74445880859759,#1f77b4,a
133.53415247416,126.22070644966772,#1f77b4,a
116.60786257122872,150.8337849589974,#1f77b4,a
139.44571588745367,155.529527796852,#1f77b4,a
124.04805739077091,171.1654423137041,#1f77b4,a
126.15449000452635,152.88718154809698,#1f77b4,a
154.96918573293348,154.15004112441216,#1f77b4,a
130.51726796388587,153.03485482346258,#1f77b4,a
135.45795424350814,169.84297688394594,#1f77b4,a
139.14495058059697,171.72225785675403,#1f77b4,a
157.87271883255147,184.06468877440875,#1f77b4,a
145.45347050779296,177.09703493299054,#1f77b4,a
157.01774877438507,167.24495806139208,#1f77b4,a
159.64293372367663,203.21183140366873,#1f77b4,a
156.08730729616,184.5226741961548,#1f77b4,a
152.21083858736,209.57712425603938,#1f77b4,a
155.68417990407812,219.8278494869901,#1f77b4,a
153.86418358735378,210.89701898124378,#1f77b4,a
167.4358874764468,226.00477176256163,#1f77b4,a
174.05975228274502,212.23422711449217,#1f77b4,a
181.34602005636927,213.78283757291416,#1f77b4,a
187.32299857422203,233.46412982053005,#1f77b4,a
174.39289002910573,233.96117878510267,#1f77b4,a
184.15147221357307,222.05668614788652,#1f77b4,a
170.037950210794,239.83787084594803,#1f77b4,a
186.39190605182864,248.9186291799218,#1f77b4,a
187.31577955289453,254.87509598336777,#1f77b4,a
183.1410673879063,272.6487464480206,#1f77b4,a
180.5745735182799,267.22644874456944,#1f77b4,a
199.16609764337943,274.39780834306555,#1f77b4,a
196.51583369680836,274.07502324380084,#1f77b4,a
198.67262607381213,283.4524568742141,#1f77b4,a
168.1742966985479,266.0241557494851,#1f77b4,a
185.5476896478677,280.7181535477972,#1f77b4,a
194.1292285801328,287.3030268492121,#1f77b4,a
197.46550692403363,272.6792379113692,#1f77b4,a
193.6565601387358,274.8786800978584,#1f77b4,a
188.22329935264935,286.4079993566049,#1f77b4,a
209.91692024828671,309.3576706911231,#1f77b4,a
177.57915912065525,305.206403215489,#1f77b4,a
189.78860208166444,289.90227415924835,#1f77b4,a
184.68998890181697,306.5155274053345,#1f77b4,a
188.34289438044894,289.5587595302177,#1f77b4,a
201.43672882505336,307.2080857046973,#1f77b4,a
209.85477427109313,301.0488847577395,#1f77b4,a
215.81247283399972,317.27968150530427,#1f77b4,a
199.5940715894119,295.0198345647991,#1f77b4,a
192.11245669550718,320.4025359952792,#1f77b4,a
182.76559757507584,314.59266452384713,#1f77b4,a
209.80912481869376,314.365635074176,#1f77b4,a
206.73919765821137,321.88991592364675,#1f77b4,a
198.29377396024398,346.5716273005743,#1f77b4,a
213.00416640790152,317.5948147025131,#1f77b4,a
212.91400248252143,322.73248012495526,#1f77b4,a
212.12220918632622,352.34302305195934,#1f77b4,a
231.29042693553885,353.40984430233186,#1f77b4,a
202.3287657865488,321.7731252607151,#1f77b4,a
215.8151947130907,323.2643039252776,#1f77b4,a
232.3639888167787,358.2200602213345,#1f77b4,a
196.9395160111392,345.6885975950628,#1f77b4,a
219.2119797321995,325.017724012856,#1f77b4,a
222.2125918217665,339.1388771008317,#1f77b4,a
230.65282517540535,333.14834913689566,#1f77b4,a
220.25407407943732,354.26547509661725,#1f77b4,a
233.55727438244764,340.20252564184193,#1f77b4,a
232.54838553466496,355.9703337695508,#1f77b4,a
229.3490642969769,360.54204007363063,#1f77b4,a
222.79705011484714,369.82782212760776,#1f77b4,a
216.20054518857205,357.4598492193597,#1f77b4,a
233.67213391213178,389.6141095016573,#1f77b4,a
230.34025194659546,356.21772521445655,#1f77b4,a
224.13322253660823,392.2379283053183,#1f77b4,a
223.6406680911464,376.4601818891422,#1f77b4,a
228.9316995224317,368.2127991855249,#1f77b4,a
255.21402998054398,398.69297389829353,#1f77b4,a
262.16831971749684,405.47197610872956,#1f77b4,a
255.1094601935156,378.50733162987666,#1f77b4,a
262.16552742384516,403.04318294170423,#1f77b4,a
245.70902819857037,384.0442781964153,#1f77b4,a
255.1484396965836,394.69968467640615,#1f77b4,a
261.1049768391575,382.9811401011149,#1f77b4,a
260.6192589716388,393.1158011740765,#1f77b4,a
272.19197248710253,422.7910456547159,#1f77b4,a
277.7729961702507,387.5791700378388,#1f77b4,a
281.1311297806276,401.5679104797822,#1f77b4,a
257.85687063610175,398.63371725596954,#1f77b4,a
276.5227231769211,415.57219003842283,#1f77b4,a
268.5243845762993,411.87049924540213,#1f77b4,a
293.0467496942341,394.79495624010195,#1f77b4,a
278.1203260846356,414.9223992117901,#1f77b4,a
270.7009198473636,415.25353271649163,#1f77b4,a
303.29928217271237,434.19763766474307,#1f77b4,a
278.56855358806496,431.5068649244056,#1f77b4,a
268.5199839791726,410.26098012294835,#1f77b4,a
294.38343154818085,401.33015678425124,#1f77b4,a
282.85040527653507,403.06325975885187,#1f77b4,a
298.58041255415753,409.191611874929,#1f77b4,a
310.3304666373004,404.9025263524667,#1f77b4,a
312.1449704585089,437.83285391634683,#1f77b4,a
305.51177847023655,442.4145447502344,#1f77b4,a
292.42132391140615,427.373946683002,#1f77b4,a
325.4906535322936,416.9050606269298,#1f77b4,a
331.2362140482429,412.6697085293314,#1f77b4,a
320.7251634562792,439.0800647678121,#1f77b4,a
324.30692107297114,410.210988429657,#1f77b4,a
340.8721596734565,439.1287647121645,#1f77b4,a
326.4219754142257,424.98506794849146,#1f77b4,a
345.20800184192007,411.8914587015377,#1f77b4,a
354.6432339834632,443.4692401091269,#1f77b4,a
354.0014863485485,429.3628486401195,#1f77b4,a
330.03298525481824,442.8382966984553,#1f77b4,a
338.7014725866181,422.6444748043135,#1f77b4,a
358.81970044344206,418.6570867977389,#1f77b4,a
349.43605338950783,415.86298737461595,#1f77b4,a
345.8873004639974,409.30995133663373,#1f77b4,a
337.893043651102,434.79380164616185,#1f77b4,a
365.6008671465838,416.62391021181844,#1f77b4,a
352.98960816689345,413.4226576523748,#1f77b4,a
366.33693168537866,430.6431052519778,#1f77b4,a
350.1002792559307,419.5328904383405,#1f77b4,a
371.6816915452372,444.96783819844836,#1f77b4,a
388.02024149199644,428.70985068617625,#1f77b4,a
396.4511294439237,414.85724857131265,#1f77b4,a
360.26361808839545,446.4497349152782,#1f77b4,a
372.8243895795883,428.2535693846372,#1f77b4,a
385.22451085671133,445.98372765607604,#1f77b4,a
383.9454568870831,417.16653243602866,#1f77b4,a
392.2473790131614,451.48887117148126,#1f77b4,a
409.7450281478336,444.21702946821256,#1f77b4,a
410.8407022053152,447.6747859738412,#1f77b4,a
386.6666924646761,435.8755898397035,#1f77b4,a
425.14169024885166,449.14957660937887,#1f77b4,a
407.89064594409524,437.76871612936276,#1f77b4,a
400.703557448823,423.0044833713768,#1f77b4,a
416.5221659039812,436.6302858956847,#1f77b4,a
424.6337538601371,452.39073403685927,#1f77b4,a
392.9524711599592,423.81648573818495,#1f77b4,a
428.05725685400785,448.2189536011848,#1f77b4,a
411.00027882444056,441.0579329012051,#1f77b4,a
434.20639149706835,432.62955549321396,#1f77b4,a
412.8084155897546,413.61489514815383,#1f77b4,a
445.8917647942675,441.6542980876697,#1f77b4,a
428.6720727432536,439.70569343570594,#1f77b4,a
424.7933399490821,428.35816982472517,#1f77b4,a
425.6333722485858,447.27529510181256,#1f77b4,a
426.58895980775196,447.56179495060144,#1f77b4,a
438.3005192744018,415.8188664713564,#1f77b4,a
463.798128949716,432.433843331191,#1f77b4,a
462.98380131315105,429.2628683050365,#1f77b4,a
451.59849062395784,428.2781489064389,#1f77b4,a
448.8011967535699,411.2251883318466,#1f77b4,a
431.6987528059283,414.8076511213451,#1f77b4,a
428.7311152234252,432.7731888836278,#1f77b4,a
444.25155278650624,424.5902554983491,#1f77b4,a
445.60635313453855,432.1321783656928,#1f77b4,a
444.7257290328527,435.8462761587313,#1f77b4,a
443.4913026220003,402.9119571330046,#1f77b4,a
460.93140254426135,422.118715483092,#1f77b4,a
460.4985544989432,420.40659513949856,#1f77b4,a
453.2328807250444,416.1061462980383,#1f77b4,a
459.5605954275968,436.20531309408136,#1f77b4,a
455.52481006746416,430.2190268155237,#1f77b4,a
437.45758510780695,431.18463165705407,#1f77b4,a
440.8460643834878,417.83176668967695,#1f77b4,a
460.30520606172826,403.4146364455246,#1f77b4,a
447.11732418085927,399.20346695307387,#1f77b4,a
464.6344035346063,430.617278014806,#1f77b4,a
435.83737108126667,396.8047945987291,#1f77b4,a
462.8506949505783,420.7679077922833,#1f77b4,a
481.1421325910205,409.39772177032125,#1f77b4,a
463.67313113867317,392.6950228235116,#1f77b4,a
485.5483866817214,399.3530732433378,#1f77b4,a
459.308113109532,393.35943962127976,#1f77b4,a
464.9913225911935,408.2706090232158,#1f77b4,a
453.8722972123444,423.28534534532884,#1f77b4,a
409.1686594215879,406.6957015156121,#1f77b4,a
431.603981368008,385.98387318546804,#1f77b4,a
454.3722320446113,359.6246962400693,#1f77b4,a
452.60846715264205,381.45017190896556,#1f77b4,a
454.62929018759013,361.26652831412486,#1f77b4,a
459.45309623224296,364.5243796556272,#1f77b4,a
458.5418038936998,341.49046411622703,#1f77b4,a
478.8078627363483,345.1666226379501,#1f77b4,a
473.712559898315,364.3111307420646,#1f77b4,a
476.35245416413557,324.1938539062412,#1f77b4,a
508.83696950425485,336.935985824988,#1f77b4,a
514.7918392690095,327.336013281991,#1f77b4,a
494.10413919312464,336.9058465426352,#1f77b4,a
493.7800872297086,327.31288817073846,#1f77b4,a
501.41527536601956,324.37182916314396,#1f77b4,a
495.0594130207488,354.16898245892065,#1f77b4,a
514.1350637464201,353.3353155600313,#1f77b4,a
487.44810862279206,349.12056299899757,#1f77b4,a
525.621418587067,312.8283333072927,#1f77b4,a
516.1643104507117,315.55364179469547,#1f77b4,a
525.6090467237327,327.66941463791863,#1f77b4,a
525.2077390500435,333.06041927179535,#1f77b4,a
498.46862767065073,313.60527912059655,#1f77b4,a
507.145866195598,308.32122442113985,#1f77b4,a
512.3697706426591,335.7409807165801,#1f77b4,a
532.1567873121564,319.1278254381566,#1f77b4,a
518.4579169854743,330.38019868009343,#1f77b4,a
501.5302374690961,311.60805924752196,#1f77b4,a
528.8356676562277,301.5974181451442,#1f77b4,a
508.0817121570932,313.8073050657806,#1f77b4,a
529.9402667613183,303.8827665216969,#1f77b4,a
541.1173916314463,320.6555226179861,#1f77b4,a
532.7761583111647,320.82480349159687,#1f77b4,a
552.6434527663089,311.8653502399849,#1f77b4,a
539.1775965035797,283.4089804413129,#1f77b4,a
521.5213751891552,318.1496642654992,#1f77b4,a
533.1458871116087,299.378283379122,#1f77b4,a
532.0287618149933,289.11631468428016,#1f77b4,a
551.6747019637569,286.13143706244216,#1f77b4,a
561.7509403432728,283.0333918943023,#1f77b4,a
543.8550144986099,329.14079067742597,#1f77b4,a
539.4920076851793,313.95807724162376,#1f77b4,a
533.3439799175903,340.3749129966455,#1f77b4,a
515.1248945276292,335.58145096581546,#1f77b4,a
496.4887465438394,331.8400166056814,#1f77b4,a
512.6473938565213,367.9450351789338,#1f77b4,a
491.5062546887685,347.89367794183863,#1f77b4,a
496.56930481718933,371.4500355749127,#1f77b4,a
486.84611512315274,342.11138010722823,#1f77b4,a
485.39622054457095,355.5221203806818,#1f77b4,a
497.14284901938396,377.7694196708569,#1f77b4,a
502.6982318269092,355.2962871504779,#1f77b4,a
502.366095225683,357.0489803390285,#1f77b4,a
503.4792100351042,359.73725345302466,#1f77b4,a
509.0214068845425,344.8934472116408,#1f77b4,a
498.96118415142837,338.81677724045323,#1f77b4,a
503.604239330207,337.18040583101447,#1f77b4,a
499.91521517583146,347.7918562049313,#1f77b4,a
493.8046265233753,335.2701786397365,#1f77b4,a
507.48206048412516,331.32433869687543,#1f77b4,a
514.0455019712995,329.8745160547792,#1f77b4,a
523.5419455592928,300.1047685939668,#1f77b4,a
519.7447606719329,302.43735595109945,#1f77b4,a
535.8469745109444,302.9458981629099,#1f77b4,a
547.5889749102513,283.8163527846938,#1f77b4,a
534.4265497098864,284.4876545573825,#1f77b4,a
544.141022219672,313.3641093233084,#1f77b4,a
533.9492092918196,298.7762612523132,#1f77b4,a
541.9215503481038,293.56434288813824,#1f77b4,a
534.4353632965501,302.9915033308638,#1f77b4,a
536.2722082657313,289.0017085269611,#1f77b4,a
556.7771864566058,274.4869649664863,#1f77b4,a
569.8015065721248,277.32302320954113,#1f77b4,a
555.0641959498889,285.368709789057,#1f77b4,a
541.8350400294203,292.5549507784401,#1f77b4,a
547.7977566715077,288.8821183172962,#1f77b4,a
545.3199527235944,276.1831772966416,#1f77b4,a
556.6133344569869,301.87508991401353,#1f77b4,a
554.9676326428452,282.203796633986,#1f77b4,a
558.8336046720972,291.5749153213168,#1f77b4,a
583.9296978396262,282.2512567913416,#1f77b4,a
568.6151941744487,262.1137595948322,#1f77b4,a
581.207495157456,275.9166591183704,#1f77b4,a
604.7065762969847,238.88904702139052,#1f77b4,a
585.5029611886475,267.34755344574415,#1f77b4,a
604.1276389959738,257.7431292488351,#1f77b4,a
600.356499210239,261.67240559667744,#1f77b4,a
615.7796802308242,239.222935549819,#1f77b4,a
584.165134494121,260.7045951593218,#1f77b4,a
600.8380932986918,235.68560256055838,#1f77b4,a
624.8718096659567,264.37789641201664,#1f77b4,a
615.467247755089,245.05322636216613,#1f77b4,a
613.7573102094912,257.84322928559357,#1f77b4,a
601.7112882833012,254.37717125994507,#1f77b4,a
620.0813600846533,247.90420554277387,#1f77b4,a
628.5664540327647,254.89824463791825,#1f77b4,a
599.421985991279,235.9129199984493,#1f77b4,a
622.1727051020237,253.59762468862968,#1f77b4,a
632.2871654613058,259.59681553608016,#1f77b4,a
607.1272910767832,234.18864703891865,#1f77b4,a
628.8313311617873,232.88204421398353,#1f77b4,a
647.3053169243134,266.8172805792014,#1f77b4,a
641.0254910140123,253.90875833357248,#1f77b4,a
652.9725084744435,256.51988564295243,#1f77b4,a
632.6247166951822,269.64644905163715,#1f77b4,a
627.1921110424278,261.0692356335079,#1f77b4,a
643.6041923508378,264.3301473064331,#1f77b4,a
656.422979816797,241.94440583717676,#1f77b4,a
636.7157641932783,253.73931309303256,#1f77b4,a
636.5214564146775,258.94772983193906,#1f77b4,a
636.739706560439,250.18208267772212,#1f77b4,a
646.9585628523414,280.36104923664806,#1f77b4,a
639.4425739467896,279.86322126010145,#1f77b4,a
662.9042566434512,252.554060485878,#1f77b4,a
638.5623428790251,267.32045860135406,#1f77b4,a
676.1633404649017,252.3548461439512,#1f77b4,a
683.4183936236162,264.67254753905576,#1f77b4,a
671.9959010136499,225.95209729286626,#1f77b4,a
696.3139300245823,245.03467728223723,#1f77b4,a
702.1674810751199,237.95235044299307,#1f77b4,a
685.0700873554534,233.33618146400977,#1f77b4,a
696.6035234317985,236.45021530304672,#1f77b4,a
710.0649617442995,206.1783627850138,#1f77b4,a
698.4773823872039,226.63618487415084,#1f77b4,a
690.9263277047934,197.57321827535094,#1f77b4,a
698.4746902066161,211.17703707403751,#1f77b4,a
689.8459681485558,200.74743146945013,#1f77b4,a
700.9141917805226,200.28848359583816,#1f77b4,a
706.0429678395049,209.9930705799449,#1f77b4,a
715.4976829322871,211.2788503497993,#1f77b4,a
724.8739455332058,209.6633771641416,#1f77b4,a
724.5214912509717,222.83093423136876,#1f77b4,a
717.0016297946371,203.5603812640055,#1f77b4,a
709.131862897788,211.50312690085747,#1f77b4,a
709.1003610695134,229.38252759667103,#1f77b4,a
695.0475109210986,222.71212835824394,#1f77b4,a
708.9114880607295,226.82192638182488,#1f77b4,a
692.7718671760337,252.01645605386486,#1f77b4,a
684.5722504853363,253.8403362914944,#1f77b4,a
653.3136170975501,281.35635354042927,#1f77b4,a
671.5453980056121,311.32057688389244,#1f77b4,a
633.1303137920127,299.0097163499412,#1f77b4,a
658.3828176805938,300.1101395723642,#1f77b4,a
643.7643679413243,323.90586133505985,#1f77b4,a
630.988316040691,316.10648005012615,#1f77b4,a
634.1215342288522,319.8063899521497,#1f77b4,a
645.6422069768777,321.1838207265031,#1f77b4,a
643.6062821758279,324.0107657267904,#1f77b4,a
631.4532604844231,326.18186052129846,#1f77b4,a
663.938766184859,311.4947717786848,#1f77b4,a
633.2045157231478,315.0729347280244,#1f77b4,a
639.0884324173643,330.85340542129313,#1f77b4,a
638.3906818138169,320.44902461155016,#1f77b4,a
628.4745980134381,338.80957791636627,#1f77b4,a
653.1454116115798,315.8244646363929,#1f77b4,a
635.957143615353,333.3252727099464,#1f77b4,a
618.506635871476,346.25726885949405,#1f77b4,a
636.3482397904587,350.539737503968,#1f77b4,a
624.4201660568745,335.15388706614374,#1f77b4,a
635.0327496115735,346.3304044218813,#1f77b4,a
625.193159515688,373.9488819404824,#1f77b4,a
641.9680614584538,358.6759765337563,#1f77b4,a
631.214378594204,376.2243795263337,#1f77b4,a
637.825575588574,348.56604363311214,#1f77b4,a
617.7230370603186,364.1374078670658,#1f77b4,a
632.3136533490292,373.23760469998837,#1f77b4,a
646.2540729686569,383.218774272513,#1f77b4,a
633.9385626939794,390.04384080300645,#1f77b4,a
637.7485594739196,377.0435615385896,#1f77b4,a
642.8998205685724,364.7465010699275,#1f77b4,a
624.5244423423657,380.3430845456243,#1f77b4,a
624.3629263325632,361.8852013872301,#1f77b4,a
640.4626862302038,369.7843009495225,#1f77b4,a
611.6266146129168,360.42086803572784,#1f77b4,a
612.3387852341626,344.4993956651247,#1f77b4,a
603.583377118002,367.9492934142246,#1f77b4,a
589.9426292640475,365.6593145587876,#1f77b4,a
563.7909345244066,366.67169565967583,#1f77b4,a
553.0389805408347,359.9373499696707,#1f77b4,a
549.8916018411385,367.84638611545006,#1f77b4,a
575.0395232801244,367.4435221645664,#1f77b4,a
567.3334344001705,349.72280951141266,#1f77b4,a
529.1541686098391,354.77891021235735,#1f77b4,a
512.629628529748,355.1112794205976,#1f77b4,a
500.4131761771055,392.08516620667325,#1f77b4,a
509.1264488244334,383.5707119728038,#1f77b4,a
507.34061656457095,375.24343366240157,#1f77b4,a
522.3291486940484,362.2748742077258,#1f77b4,a
523.7129046949415,387.6373507164916,#1f77b4,a
508.9911202612287,390.95580030552173,#1f77b4,a
486.04664622898883,379.43155447653385,#1f77b4,a
496.4608003989496,386.55897747909523,#1f77b4,a
481.65036331918554,371.82844101711385,#1f77b4,a
513.3017129684979,382.2161187625652,#1f77b4,a
488.4239984800857,366.1092198967781,#1f77b4,a
505.99864571288464,380.3391531230909,#1f77b4,a
519.6398380989888,354.09878828914196,#1f77b4,a
512.8335705365689,379.48894668037343,#1f77b4,a
518.4485954978827,342.6337937611306,#1f77b4,a
535.9746839323192,366.8768101950157,#1f77b4,a
538.994800207879,340.9126365625179,#1f77b4,a
578.5605767773333,337.32251333378355,#1f77b4,a
590.4750596270591,317.4478361070637,#1f77b4,a
570.1020355705929,330.1216602480754,#1f77b4,a
598.0110330907302,301.3291847242957,#1f77b4,a
613.7743537678721,320.5259400937542,#1f77b4,a
632.3439878744368,296.0710908585338,#1f77b4,a
607.1761558321298,299.89816742934977,#1f77b4,a
633.528909324624,318.2447517245877,#1f77b4,a
638.0356453686315,303.04968742438086,#1f77b4,a
638.8567635647127,323.53207282584555,#1f77b4,a
629.1302187394091,301.9531223596614,#1f77b4,a
621.2898611987231,315.7963642563168,#1f77b4,a
646.6353555198582,317.32255712127585,#1f77b4,a
636.3184606918882,300.38826962640275,#1f77b4,a
646.2794017550451,291.1944426936715,#1f77b4,a
650.8803745294579,285.76898093218824,#1f77b4,a
654.8880304744276,295.3311003386381,#1f77b4,a
681.6743009381095,272.058049704274,#1f77b4,a
695.9885574259009,271.9028211315448,#1f77b4,a
666.5788893640446,289.9276200615494,#1f77b4,a
663.3520711416228,275.6125446263169,#1f77b4,a
682.1354232762106,308.75594558708394,#1f77b4,a
674.6280700015022,289.71991372524735,#1f77b4,a
661.5328703238638,337.4221473458332,#1f77b4,a
651.0247732975774,339.8915860317281,#1f77b4,a
600.8191656623533,359.5774130701569,#1f77b4,a
597.0231108141743,373.9303082899572,#1f77b4,a
573.472041230971,377.7719858680266,#1f77b4,a
555.5853499611104,367.2359656611726,#1f77b4,a
556.5666124061423,372.8443768527533,#1f77b4,a
542.4266529119291,369.6266093733228,#1f77b4,a
543.1551995643471,387.55496386951467,#1f77b4,a
540.3112797727163,394.6727124065417,#1f77b4,a
540.5795837420836,410.88766367037306,#1f77b4,a
537.421930409061,408.0989228767751,#1f77b4,a
513.9628101934712,406.1450924147,#1f77b4,a
489.3959260421529,384.8883816867895,#1f77b4,a
505.5058255510967,388.1452546001684,#1f77b4,a
465.7283136228956,389.22104220572993,#1f77b4,a
466.90950554770524,411.342371954804,#1f77b4,a
462.4843634728274,414.4241870271812,#1f77b4,a
470.07839770170517,411.589782818337,#1f77b4,a
456.7044060984778,405.6449510922558,#1f77b4,a
444.1336708007218,396.8582830399265,#1f77b4,a
463.91970896212047,393.8149805599358,#1f77b4,a
450.67549477034163,427.70067619758913,#1f77b4,a
456.3874839208964,399.06618765402965,#1f77b4,a
442.67020345787694,419.1542263775586,#1f77b4,a
467.0017729565553,389.14992614594934,#1f77b4,a
480.3354653630392,412.6579712125569,#1f77b4,a
494.3366342265368,383.5308387512417,#1f77b4,a
503.46026513790315,405.4940041789158,#1f77b4,a
522.8004354102486,380.67052506654306,#1f77b4,a
547.0021123228129,396.0817605143445,#1f77b4,a
529.0045888574263,386.33013256289496,#1f77b4,a
563.0556825467852,359.4905272341632,#1f77b4,a
564.3151929037691,341.0021017270991,#1f77b4,a
548.0878456921882,363.0150882085838,#1f77b4,a
563.6715136296908,350.88112560987224,#1f77b4,a
566.7672639468362,335.9111557685023,#1f77b4,a
592.2862443685125,335.278477862586,#1f77b4,a
594.4338525785623,309.876493392606,#1f77b4,a
604.767015956795,312.6015458585461,#1f77b4,a
598.3212875331013,306.18506291656104,#1f77b4,a
622.9777407003438,294.02568418586065,#1f77b4,a
655.1087653577804,301.13109710921754,#1f77b4,a
646.8501810656325,284.8166961659543,#1f77b4,a
662.1750607934287,286.92701442427176,#1f77b4,a
674.3486265954215,271.39312842815406,#1f77b4,a
679.3617673883678,250.77802520070873,#1f77b4,a
677.9297278186998,218.52241434746384,#1f77b4,a
697.3932426903169,213.6015045568068,#1f77b4,a
714.5688581214924,228.68530038067746,#1f77b4,a
727.4100994027534,218.91277582728384,#1f77b4,a
730.760234855722,220.71268633607986,#1f77b4,a
712.2261941362066,215.4524243441823,#1f77b4,a
721.3990880127686,184.4893645554671,#1f77b4,a
709.3996562647633,190.47323101848986,#1f77b4,a
744.6288620210781,215.95682743639662,#1f77b4,a
748.3676254217213,175.4008786936006,#1f77b4,a
715.7706823564577,189.37255516479894,#1f77b4,a
750.1544412977372,174.38844298700127,#1f77b4,a
751.6313745007959,171.04576796128606,#1f77b4,a
761.1050887923376,145.61332510232774,#1f77b4,a
757.2830478456942,156.55259038387487,#1f77b4,a
768.0775762743839,145.79536793222684,#1f77b4,a
762.250531954167,129.21267944618103,#1f77b4,a
740.6130914207198,138.66693566645284,#1f77b4,a
748.2093653729179,141.10179039324106,#1f77b4,a
783.9009888546501,136.7184650459434,#1f77b4,a
781.557280559886,132.65970175238277,#1f77b4,a
755.2986808190375,125.69800067304215,#1f77b4,a
766.4574761456936,148.61753104469477,#1f77b4,a
773.7066091726197,118.94819443431987,#1f77b4,a
789.4574867519252,144.10574231674167,#1f77b4,a
796.0285050546815,134.92469679018768,#1f77b4,a
766.0067619743825,117.2311029678134,#1f77b4,a
796.7237088415677,111.79150013867263,#1f77b4,a
781.7142039460083,123.88762200954557,#1f77b4,a
784.9353894105184,96.67534347218435,#1f77b4,a
808.0955927839417,115.94042156004639,#1f77b4,a
783.1658559055338,98.11494672309772,#1f77b4,a
778.6788738417974,114.4212181794793,#1f77b4,a
771.5490821222728,116.94613376129848,#1f77b4,a
801.7498102106642,85.32300320588297,#1f77b4,a
806.6665169802684,86.5665665840479,#1f77b4,a
781.7121375331615,85.81852224496788,#1f77b4,a
775.6994918935764,107.01087471941833,#1f77b4,a
807.1276032405061,103.06498922587298,#1f77b4,a
603.2856164425625,403.7523853540349,#1f77b4,a
618.0121756787202,367.69754354154225,#1f77b4,a
585.0325327192548,401.8451604888031,#1f77b4,a
604.7637005791589,395.07170412203664,#1f77b4,a
567.4634973010067,395.5917492930549,#1f77b4,a
587.3372320179551,383.0467937519751,#1f77b4,a
567.3990564208648,401.77694396678214,#1f77b4,a
536.8114178135728,375.04054532614475,#1f77b4,a
527.3339881559278,408.4713306272886,#1f77b4,a
538.7062807371111,377.7201187640591,#1f77b4,a
504.49849984248345,386.4364265342647,#1f77b4,a
481.6375348121716,390.9373871760161,#1f77b4,a
472.0504555098617,387.41589090970183,#1f77b4,a
486.1007216884583,388.6072001597377,#1f77b4,a
467.62274147545577,396.1518785383305,#1f77b4,a
434.95625945283126,419.26318264520125,#1f77b4,a
435.511682629021,431.0154076157821,#1f77b4,a
417.88841268708217,408.86801468234114,#1f77b4,a
416.391777883128,403.3991664231104,#1f77b4,a
404.2957491648721,403.1169085988924,#1f77b4,a
403.77268161420164,404.91365437794065,#1f77b4,a
393.90741997662514,413.25200162299586,#1f77b4,a
387.54067878005696,424.0322624832171,#1f77b4,a
381.0708512040917,393.9269679139682,#1f77b4,a
376.5835822594795,412.5482015796901,#1f77b4,a
390.2581099643946,399.69474220235594,#1f77b4,a
394.3577207259185,434.29744571195573,#1f77b4,a
408.82367401983277,419.95049765351735,#1f77b4,a
416.83827284445545,401.45697033172564,#1f77b4,a
417.50425776122864,426.8103136463425,#1f77b4,a
443.24887399460016,416.62522263643257,#1f77b4,a
472.85131257479986,405.4451761342774,#1f77b4,a
480.27797768971413,412.2290560832623,#1f77b4,a
473.97324698643274,414.32066210193943,#1f77b4,a
486.28216252345334,399.01529858151315,#1f77b4,a
459.355649702586,398.8288625569669,#1f77b4,a
475.23097018102885,406.0507395838573,#1f77b4,a
505.0401718771675,415.72523943180954,#1f77b4,a
479.88697598903593,385.4616943492299,#1f77b4,a
487.2019784543093,406.58102112457453,#1f77b4,a
520.4269753317601,406.84333643319235,#1f77b4,a
529.2657010016154,399.3692199977509,#1f77b4,a
542.5601300553215,378.70693090219794,#1f77b4,a
512.7579251909541,382.90497662727694,#1f77b4,a
539.6482756627033,392.2987451131127,#1f77b4,a
532.2561080244886,408.0307969280649,#1f77b4,a
519.444564402718,373.81683084273897,#1f77b4,a
548.2300759125987,391.82781551245614,#1f77b4,a
536.0690223492388,376.30881776660067,#1f77b4,a
553.2306873069914,404.0112675752142,#1f77b4,a
547.020122615096,376.7657440239794,#1f77b4,a
541.1138801637926,371.8624663671594,#1f77b4,a
551.6552574519867,398.9181873113328,#1f77b4,a
545.5977664279181,392.12848479761124,#1f77b4,a
554.6461335226362,378.49896534606296,#1f77b4,a
580.0540472752019,374.2683094912123,#1f77b4,a
556.576240054307,374.53339506718277,#1f77b4,a
575.8654432777345,384.17921361059337,#1f77b4,a
559.6912741525477,398.61847725643423,#1f77b4,a
567.3708874319617,388.41060231000745,#1f77b4,a
564.1355289762973,374.1712921408521,#1f77b4,a
549.2881884981357,382.65482014559296,#1f77b4,a
550.4874751190854,386.371921264009,#1f77b4,a
575.6875908427061,374.8044543971763,#1f77b4,a
550.8018329687653,395.28452689075226,#1f77b4,a
580.6181129933371,399.36792179737813,#1f77b4,a
564.8063840926237,405.8769143356386,#1f77b4,a
558.8416189923504,394.08968203769865,#1f77b4,a
570.6687548267054,405.25789328649114,#1f77b4,a
541.7496680890815,401.7720228535992,#1f77b4,a
545.2402975537894,431.49276217378406,#1f77b4,a
527.8046985164947,404.6975188136412,#1f77b4,a
500.92384095688084,443.95996264881524,#1f77b4,a
505.5720088386131,442.62689034215384,#1f77b4,a
511.42723405742515,416.76831389633367,#1f77b4,a
525.5371898864557,443.6869739227543,#1f77b4,a
505.32785242870426,413.7758569647786,#1f77b4,a
505.52638038205794,444.88204911588736,#1f77b4,a
470.70011225310384,448.41637877286047,#1f77b4,a
494.86451448349936,423.301361601646,#1f77b4,a
471.2272208132136,451.3057522733466,#1f77b4,a
485.43823660869293,414.9394687990118,#1f77b4,a
476.24466663378297,437.82997980142017,#1f77b4,a
465.960707238237,438.44556579648133,#1f77b4,a
468.1264300974826,451.3363179163178,#1f77b4,a
467.5535769737065,420.59666915707317,#1f77b4,a
469.5759884531601,428.6266539816953,#1f77b4,a
479.00994019212857,426.56925712019324,#1f77b4,a
462.3554440498789,422.0397842663234,#1f77b4,a
483.7755561645042,429.48634032026064,#1f77b4,a
482.533116758161,418.58725342326557,#1f77b4,a
485.23982586612823,431.0431156185457,#1f77b4,a
530.3905038870284,422.9673340986827,#1f77b4,a
517.267500803989,407.9662771980034,#1f77b4,a
542.9551551870817,389.1210379946389,#1f77b4,a
547.2573743304304,372.8197918512756,#1f77b4,a
565.9081312348851,365.2541044266707,#1f77b4,a
594.890606952123,383.3919549795823,#1f77b4,a
595.2312541203944,369.8218413485216,#1f77b4,a
611.3798368280591,365.4854528674473,#1f77b4,a
592.5433466745849,372.38221272899307,#1f77b4,a
606.9327272741558,377.41946903156355,#1f77b4,a
630.4233948978499,345.29179201828265,#1f77b4,a
596.5883370959782,347.88040139865365,#1f77b4,a
641.2572962872922,338.8537336731704,#1f77b4,a
632.1088501425502,355.20463233532587,#1f77b4,a
632.2840507904747,359.38140911161054,#1f77b4,a
630.7310666931427,335.0570590923578,#1f77b4,a
634.1782193859251,330.8173579399306,#1f77b4,a
641.2061757305515,325.28567919469486,#1f77b4,a
632.9127790013147,352.3139365333649,#1f77b4,a
657.5950211237964,332.38577502322516,#1f77b4,a
621.719702001226,365.3788866459213,#1f77b4,a
631.0145155555779,333.0824955136685,#1f77b4,a
610.2921847539052,337.33319638471323,#1f77b4,a
617.3494290524184,347.61719381095315,#1f77b4,a
632.7876016760196,371.42238502820715,#1f77b4,a
627.4062364766172,356.7480989146834,#1f77b4,a
150.57049414172508,245.51828132320452,#1f77b4,a
177.97534862721253,259.9687591240471,#1f77b4,a
159.9130158356716,252.2473228220464,#1f77b4,a
158.79215430380358,277.17975897274454,#1f77b4,a
168.29432626633965,256.0013049291331,#1f77b4,a
171.73457883119747,265.0536436871538,#1f77b4,a
181.66481356974052,286.66457474655294,#1f77b4,a
217.42396014495213,276.7704950788908,#1f77b4,a
202.69774395886918,313.69935119222924,#1f77b4,a
223.64263787339053,319.7153928014932,#1f77b4,a
231.19214903830672,297.4726472441045,#1f77b4,a
206.26866732819212,321.86380490606473,#1f77b4,a
231.23877147932274,322.4166310476844,#1f77b4,a
240.77766066092042,305.7223584865201,#1f77b4,a
239.30129322034873,335.2626721326844,#1f77b4,a
218.75238208873466,300.66009679490594,#1f77b4,a
216.93733140902197,314.10493493296167,#1f77b4,a
233.95769810607447,319.3064317037878,#1f77b4,a
220.1822768712334,341.55941175970867,#1f77b4,a
260.0031638705454,345.23659180752736,#1f77b4,a
260.26410995349084,350.6717884230206,#1f77b4,a
239.26285991644727,360.37644673450495,#1f77b4,a
233.3999934809542,354.9157725757791,#1f77b4,a
238.87771567275465,357.46285671451915,#1f77b4,a
255.92985990523408,376.2911097618337,#1f77b4,a
255.10561814403565,362.7470638442876,#1f77b4,a
249.86280910382973,382.39891027504734,#1f77b4,a
242.43365597986275,356.06190271954404,#1f77b4,a
267.21089196105333,390.6508998981909,#1f77b4,a
260.1876236260721,357.83371252202056,#1f77b4,a
260.4057600476271,377.15688136773997,#1f77b4,a
254.89631827874106,375.3326319032344,#1f77b4,a
254.09492062560108,388.366112741477,#1f77b4,a
281.91898520908535,405.94573884039806,#1f77b4,a
263.04974715600844,407.62769184351555,#1f77b4,a
276.1614546510564,394.39049821794225,#1f77b4,a
274.32778269048316,376.2084310908857,#1f77b4,a
283.75389884210307,385.48644097799036,#1f77b4,a
269.45876961225565,401.06414429505503,#1f77b4,a
296.8249566962806,396.1654738365561,#1f77b4,a
295.59912035293456,415.399158552409,#1f77b4,a
272.8338483667713,377.01839690336635,#1f77b4,a
290.45917425364155,414.426750729528,#1f77b4,a
302.4654220411427,382.216671094043,#1f77b4,a
283.9824736015564,409.9417574271808,#1f77b4,a
283.3623439268102,412.4105793309101,#1f77b4,a
309.55842225399516,420.22839041454426,#1f77b4,a
315.05041048672297,421.06467813177005,#1f77b4,a
329.09687616904273,411.2629417673046,#1f77b4,a
314.4320352423308,389.25780665610773,#1f77b4,a
303.0187892978186,412.47948244065236,#1f77b4,a
325.6078634734981,404.5915727688135,#1f77b4,a
307.53970747933056,415.51049837795904,#1f77b4,a
339.2169473591516,425.1278664604449,#1f77b4,a
341.0717294225375,411.44771072843423,#1f77b4,a
329.5235605466653,390.2872319262028,#1f77b4,a
345.78713538632724,421.6353376907458,#1f77b4,a
337.9556548353832,392.51700423403395,#1f77b4,a
319.81997362525203,423.84273829700885,#1f77b4,a
320.35327786132416,394.24385462007126,#1f77b4,a
292.6264778778235,394.07946045334165,#1f77b4,a
300.45860464136524,398.44110329303936,#1f77b4,a
275.64509502469326,385.120993507114,#1f77b4,a
289.5934300535179,360.09860801987884,#1f77b4,a
274.6591113076921,348.127280319546,#1f77b4,a
238.9533857959245,350.2410536364094,#1f77b4,a
215.69506190485419,307.49981486103786,#1f77b4,a
220.81624149515852,298.24530252818056,#1f77b4,a
230.97805358547515,327.0116494626436,#1f77b4,a
237.6704430502264,295.892182626745,#1f77b4,a
200.55041283783856,284.15546829530706,#1f77b4,a
201.34847806297728,303.55851090987187,#1f77b4,a
202.94541304351964,298.7172199840403,#1f77b4,a
209.50305774083802,279.3590248197486,#1f77b4,a
231.48345993411732,292.5110028611267,#1f77b4,a
195.73906242370296,256.8334093555576,#1f77b4,a
195.15787836261586,279.2017111623411,#1f77b4,a
197.17384303333031,261.1575471436846,#1f77b4,a
196.0640990682439,284.95045966422776,#1f77b4,a
198.22506424011982,262.0675218268715,#1f77b4,a
211.00039436452408,260.40444664571,#1f77b4,a
207.29219728978086,272.10646020798714,#1f77b4,a
178.00235638025782,241.02453537443222,#1f77b4,a
192.63374417513677,273.92570313409794,#1f77b4,a
194.04008290771708,267.62422711034174,#1f77b4,a
208.72834803075364,247.72131088297567,#1f77b4,a
182.39051212914345,268.6843324955185,#1f77b4,a
189.24168976598534,268.0077957053845,#1f77b4,a
180.41167999078803,244.5301525055001,#1f77b4,a
196.1686978517652,242.41400849375424,#1f77b4,a
169.55495799017615,251.04472767896925,#1f77b4,a
186.08684994622553,254.60705506808728,#1f77b4,a
186.90640492955677,250.80470187004386,#1f77b4,a
151.6330776024092,248.86162626942638,#1f77b4,a
168.51116436544095,220.0374607516314,#1f77b4,a
180.50498356832864,216.3525800964261,#1f77b4,a
154.40150498910674,215.18295658426655,#1f77b4,a
141.18030008771998,220.16711838972657,#1f77b4,a
171.4706656700882,213.86882539514687,#1f77b4,a
159.2659814979631,216.8479159039727,#1f77b4,a
139.79707573487624,204.21175253462155,#1f77b4,a
152.74219399475962,219.83917127867096,#1f77b4,a
140.35533696660642,221.68687012246227,#1f77b4,a
124.18418779548982,194.47340762563698,#1f77b4,a
130.17041181662887,187.9158781238337,#1f77b4,a
133.77985690099138,219.039196899383,#1f77b4,a
150.0044627585908,218.8585970810082,#1f77b4,a
119.77574657979025,202.7346523479237,#1f77b4,a
144.59802678925192,180.59535526489378,#1f77b4,a
130.93960976262656,173.59147397313944,#1f77b4,a
122.06814470714924,172.1247919644964,#1f77b4,a
115.3972578349728,197.65967866147946,#1f77b4,a
128.34311324376387,168.7049416320583,#1f77b4,a
113.49471400146602,198.81487078968706,#1f77b4,a
115.15163172074885,186.54436311979168,#1f77b4,a
117.3669140870378,200.32033733958053,#1f77b4,a
125.55029659680723,161.23056945326096,#1f77b4,a
101.0872676870885,173.06654471997933,#1f77b4,a
130.41697252736952,195.68247838724125,#1f77b4,a
100.1851457907744,175.45485759948394,#1f77b4,a
116.65683282731719,194.64624864250214,#1f77b4,a
117.97590254295126,168.5349832866899,#1f77b4,a
97.98366112535126,168.76481487121583,#1f77b4,a
118.81732978765226,197.6514274396318,#1f77b4,a
110.14842203602899,169.84446511230328,#1f77b4,a
98.19399920713636,194.45232437114743,#1f77b4,a
100.82434751933698,158.9479293100917,#1f77b4,a
98.8938042316945,172.71118316171288,#1f77b4,a
129.63388576438558,165.90888964682455,#1f77b4,a
94.62291316116868,166.9762229623298,#1f77b4,a
101.80630541158322,159.86795089732942,#1f77b4,a
119.2855687111921,156.6888271444558,#1f77b4,a
93.43088216153201,156.4621883021415,#1f77b4,a
106.85570296608991,170.2144183199664,#1f77b4,a
101.49572989349161,188.15647886776117,#1f77b4,a
123.40313495936475,148.8641612576469,#1f77b4,a
128.589660830781,161.89398417178484,#1f77b4,a
121.98031673373227,172.60709704559747,#1f77b4,a
93.72081571094495,167.35206448858918,#1f77b4,a
116.15177811866356,134.77633055838993,#1f77b4,a
129.92796596586948,148.67100102637937,#1f77b4,a
99.06844862002352,143.26461001999422,#1f77b4,a
91.90674326302988,139.57018939765766,#1f77b4,a
93.58771099806654,133.11187236600858,#1f77b4,a
109.36837936016302,135.40852046026617,#1f77b4,a
122.98507717573533,96.7495812452039,#1f77b4,a
101.1427487889619,109.09349785386064,#1f77b4,a
135.54521677114934,106.26910046772599,#1f77b4,a
140.685035502452,88.10283369375799,#1f77b4,a
107.60280814226608,116.82357964937563,#1f77b4,a
109.9627696002161,96.27396327035206,#1f77b4,a
122.97330554050426,104.19880897395149,#1f77b4,a
134.6497926940948,105.29572842664317,#1f77b4,a
133.6608484508114,82.053753516563,#1f77b4,a
113.25640570473253,81.78813153542887,#1f77b4,a
120.49614591726206,81.88738010945451,#1f77b4,a
133.64058295610818,60.20897348101391,#1f77b4,a
114.44780264515252,59.79248960705007,#1f77b4,a
136.51828225554286,79.2745838647055,#1f77b4,a
134.6910612728936,79.64780991243657,#1f77b4,a
133.20698178911073,59.81162477120404,#1f77b4,a
122.6128865779688,58.76236296796708,#1f77b4,a
114.9872313375651,73.45446845991978,#1f77b4,a
125.04052096213695,73.4542922507764,#1f77b4,a
143.87767545712336,60.68415024414287,#1f77b4,a
123.76530970525558,66.05313790777006,#1f77b4,a
125.36592002487316,57.89554279651543,#1f77b4,a
139.8980510814112,32.94180103502322,#1f77b4,a
124.44794422408971,27.075169663198494,#1f77b4,a
127.08130926590428,32.48264143116569,#1f77b4,a
126.17297734736837,37.527328602917635,#1f77b4,a
121.88929600001359,59.50650504593574,#1f77b4,a
134.97941667383364,28.414220610654752,#1f77b4,a
142.42202298260392,42.48533201802877,#1f77b4,a
115.11670073645175,46.59819792660329,#1f77b4,a
138.04228397524855,56.85377998862333,#1f77b4,a
147.7575721333618,33.67110331280861,#1f77b4,a
145.65712569164288,63.07337966743563,#1f77b4,a
142.71391792920255,59.80040096950552,#1f77b4,a
164.09863254157023,100.41185388062507,#1f77b4,a
158.7445545864022,79.99807263243895,#1f77b4,a
132.61673357211754,84.96187863576853,#1f77b4,a
154.41520605220398,70.20963713368155,#1f77b4,a
169.75553707548772,70.32860380005138,#1f77b4,a
138.21971574307386,75.95158966999952,#1f77b4,a
159.734386795641,112.2702376134809,#1f77b4,a
163.5823588591614,80.40884756519279,#1f77b4,a
155.6787482176846,92.38047620429757,#1f77b4,a
176.84195076134887,78.8038493326149,#1f77b4,a
191.6026883047069,86.36722162177841,#1f77b4,a
231.72032142337446,81.77297052359722,#1f77b4,a
246.8841470072403,93.54855748001881,#1f77b4,a
221.8921367739856,93.336856461367,#1f77b4,a
234.58445381354986,87.94664893988056,#1f77b4,a
204.24784125411998,84.04518626552266,#1f77b4,a
219.34882016730506,81.83854405672014,#1f77b4,a
185.547898138829,77.68535121671295,#1f77b4,a
185.73065387988612,89.171320131411,#1f77b4,a
189.2029883959881,112.59773685049186,#1f77b4,a
166.35018512662452,95.2795214060975,#1f77b4,a
184.6242043835157,118.05186228408695,#1f77b4,a
167.17172608862575,95.53359040576197,#1f77b4,a
147.06031259971434,117.17936047300094,#1f77b4,a
144.5175579181764,128.146271457147,#1f77b4,a
162.28496131515772,110.08337738844898,#1f77b4,a
152.8961886739285,116.22102816599283,#1f77b4,a
147.95507478055276,125.20305482498054,#1f77b4,a
117.37712963796785,112.14620655607382,#1f77b4,a
129.4004370654791,155.7762159363163,#1f77b4,a
108.59096165054085,154.30676574208235,#1f77b4,a
103.95543261888072,121.57238922397073,#1f77b4,a
94.36441683071128,125.49772500150641,#1f77b4,a
71.71905335337561,157.68866414873918,#1f77b4,a
75.32621124461505,152.47887852957143,#1f77b4,a
64.9397476571681,132.67801672259577,#1f77b4,a
69.68697356682864,146.47674265458056,#1f77b4,a
57.997062424283385,128.5916385995639,#1f77b4,a
75.73581223165306,172.60916383122822,#1f77b4,a
61.29469038845811,172.7507324173028,#1f77b4,a
69.78995034826812,186.87039997932203,#1f77b4,a
63.1854223573428,170.62371555442604,#1f77b4,a
68.80968705926576,170.64807742717585,#1f77b4,a
93.55859887498758,184.53371523045155,#1f77b4,a
76.07228473457448,181.22789049344289,#1f77b4,a
62.06695079782511,214.37219029401672,#1f77b4,a
69.00974263950006,224.65498185599205,#1f77b4,a
85.12436379009658,214.4185311212371,#1f77b4,a
71.1730265249055,221.9261303730819,#1f77b4,a
71.0855106366918,211.3807180956195,#1f77b4,a
66.44308192253105,240.7263506187217,#1f77b4,a
75.38459151268869,231.3309054231214,#1f77b4,a
72.31246730196251,248.4765242170134,#1f77b4,a
95.19163901178251,234.2033898209159,#1f77b4,a
107.17466690420187,232.8170429722236,#1f77b4,a
104.67386884011158,233.95959501774917,#1f77b4,a
95.71395995947697,237.91012565228834,#1f77b4,a
107.211108583175,230.72295896274977,#1f77b4,a
149.60520439104346,216.3642953712265,#1f77b4,a
141.9241378950233,211.13768166308307,#1f77b4,a
147.79395368295306,236.9904931864018,#1f77b4,a
158.1086229711393,227.58166253409337,#1f77b4,a
162.36234900715485,232.1214337611848,#1f77b4,a
187.29635043131645,232.82241123452974,#1f77b4,a
192.4320811686556,219.78928013911303,#1f77b4,a
195.4890786810346,205.81681564398474,#1f77b4,a
204.6069270122183,214.99864835412285,#1f77b4,a
205.48732186634427,212.04893123951615,#1f77b4,a
195.63466657950326,200.2289931755663,#1f77b4,a
196.0969106794719,187.42549857307733,#1f77b4,a
201.4820294769587,167.0081956971111,#1f77b4,a
216.3579996655514,146.66528626647295,#1f77b4,a
225.19544455218252,147.72834655365966,#1f77b4,a
205.048994543375,157.38824518807291,#1f77b4,a
208.77537991853492,141.43604229962233,#1f77b4,a
208.04449906260933,123.95961092172621,#1f77b4,a
208.04739562173614,127.50411720649544,#1f77b4,a
229.49495699478015,144.97057272772474,#1f77b4,a
204.0977811571053,137.00992611468115,#1f77b4,a
209.40332030123292,140.0212504969441,#1f77b4,a
168.25196973231897,171.91172568030453,#1f77b4,a
161.02146174424948,166.9830726735242,#1f77b4,a
159.06653243881806,159.67208690125733,#1f77b4,a
192.07931958322655,155.6635955326247,#1f77b4,a
168.5570572140323,148.7350148457532,#1f77b4,a
169.9853301705324,157.8283438897817,#1f77b4,a
203.99320273666854,165.72800940116036,#1f77b4,a
207.99197430976835,157.88512726144035,#1f77b4,a
208.0522090529793,164.56367020620922,#1f77b4,a
205.26866640211426,166.99834852773216,#1f77b4,a
190.58363989432146,140.59207903733324,#1f77b4,a
200.6334596233873,144.11955025458144,#1f77b4,a
179.57868653296217,147.5530344942875,#1f77b4,a
145.5284527116004,178.8766777736106,#1f77b4,a
131.57602051534292,191.01910044438313,#1f77b4,a
121.56536213549472,202.2608463129023,#1f77b4,a
82.73855920248658,215.1931758738329,#1f77b4,a
73.24237833170285,202.17973059626814,#1f77b4,a
64.14365724329524,188.85667101618282,#1f77b4,a
58.3202172794288,201.29874558290373,#1f77b4,a
49.072754642800795,208.02898050564272,#1f77b4,a
76.98159586450923,199.5900290732646,#1f77b4,a
70.6813578384592,200.77858887460428,#1f77b4,a
70.02018626268296,227.97010388892204,#1f77b4,a
48.22352182568374,224.26002556572098,#1f77b4,a
50.73609739905441,227.1419784080996,#1f77b4,a
69.877260652793,245.82573330167884,#1f77b4,a
61.93685434568399,241.7619176983784,#1f77b4,a
78.87929612995399,228.03999421584865,#1f77b4,a
65.5429793919591,230.24540571122213,#1f77b4,a
69.90496508748247,254.0984516929616,#1f77b4,a
79.67503309883455,231.66435815331369,#1f77b4,a
72.93924635227438,236.61721190481262,#1f77b4,a
89.44730580108578,241.19187002257854,#1f77b4,a
54.40020334323164,226.55683710588124,#1f77b4,a
75.85562591298411,205.33589407765226,#1f77b4,a
53.508959016964084,191.58447380294325,#1f77b4,a
74.79105518571721,166.38705458882833,#1f77b4,a
71.08425495905095,178.1312245212966,#1f77b4,a
61.792214016708726,181.54184617552733,#1f77b4,a
66.05810174847498,169.54486034600302,#1f77b4,a
68.79045163033479,154.59487360742173,#1f77b4,a
70.0287754024603,152.3048509665628,#1f77b4,a
60.3290487167526,176.50249750414355,#1f77b4,a
40.54094332606496,177.24818490147294,#1f77b4,a
63.629539119356544,155.94550239656093,#1f77b4,a
25.710777783577285,157.0666750444674,#1f77b4,a
34.477822410042236,159.16156795924235,#1f77b4,a
33.58361007085322,166.1049505592781,#1f77b4,a
47.35721114551364,171.8990566022424,#1f77b4,a
35.747253901561464,145.67921013701425,#1f77b4,a
52.00872740499797,134.58332708321274,#1f77b4,a
47.691565097186725,160.73668618364127,#1f77b4,a
20.646534021375977,149.31168206659396,#1f77b4,a
45.206789459969094,137.7039231724977,#1f77b4,a
43.5009202085417,136.04748143115665,#1f77b4,a
65.11771653310413,105.10821350495775,#1f77b4,a
41.10123838176467,110.1369373089766,#1f77b4,a
43.82968756928143,107.3910769643482,#1f77b4,a
40.95634833632997,101.43379105190354,#1f77b4,a
61.37772240773139,65.75799437273929,#1f77b4,a
45.57160075857587,65.4505431576726,#1f77b4,a
55.43783257008554,51.4499081185225,#1f77b4,a
43.37862498749819,74.78201745575558,#1f77b4,a
58.086469499765954,75.05297059830286,#1f77b4,a
160.66912665418295,179.45033886388728,#1f77b4,a
158.73415979265047,145.20859854438788,#1f77b4,a
165.74582067713294,141.70442396371152,#1f77b4,a
170.04015767176384,122.87543419255366,#1f77b4,a
163.66724234794006,123.08441081506538,#1f77b4,a
190.19158531628847,100.62478402201276,#1f77b4,a
175.93065755994454,97.27893205912068,#1f77b4,a
165.06172469086872,63.68552330773679,#1f77b4,a
167.88732330207958,60.37166383019496,#1f77b4,a
185.78916254909012,78.48442089791644,#1f77b4,a
190.93916983471922,53.09960398986226,#1f77b4,a
172.49929650917653,61.22570248266197,#1f77b4,a
166.39458371332628,42.89020450844487,#1f77b4,a
195.81318599392728,52.30451684271179,#1f77b4,a
183.082352665347,50.699026363856774,#1f77b4,a
188.64811257261002,23.862314635364328,#1f77b4,a
180.44613079265363,56.73879227997213,#1f77b4,a
172.39097878803074,42.6162489978592,#1f77b4,a
193.54438649609207,55.84590956038346,#1f77b4,a
179.36294594147893,33.1250429730527,#1f77b4,a
169.8704306462346,35.00299780574613,#1f77b4,a
169.52081305528213,22.24175892585481,#1f77b4,a
170.7758131590566,49.99604843510667,#1f77b4,a
180.16066212076464,44.01291791018747,#1f77b4,a
201.12215950916314,66.47250434942009,#1f77b4,a
204.49879591121774,44.18607977774826,#1f77b4,a
189.992723244725,64.63876249531359,#1f77b4,a
210.96376342018507,43.103862072405036,#1f77b4,a
192.45740444769115,40.96764068964512,#1f77b4,a
192.36208800762498,57.00718241920714,#1f77b4,a
203.11424554653695,53.512433247984745,#1f77b4,a
203.88687819808507,76.34607909806192,#1f77b4,a
186.62768454671348,45.522144330261426,#1f77b4,a
223.73162696554925,73.61377556985144,#1f77b4,a
219.63102704416025,53.02829857637573,#1f77b4,a
212.2147182337637,64.58035462811824,#1f77b4,a
217.51560001903698,76.96093643001575,#1f77b4,a
201.88616238828567,117.8471177098956,#1f77b4,a
211.5565187584786,106.54628998641158,#1f77b4,a
189.46046039888486,123.91973723081992,#1f77b4,a
190.99804981830619,142.1906603068253,#1f77b4,a
189.44821300851467,170.04357565476306,#1f77b4,a
203.30940136158273,157.72901102280872,#1f77b4,a
206.23521754423257,182.34386379144297,#1f77b4,a
173.27792056506993,190.18034139821748,#1f77b4,a
181.34250411561152,178.54554476898295,#1f77b4,a
169.92915234339824,192.35467695817965,#1f77b4,a
203.97123675966054,220.185970260053,#1f77b4,a
205.1344435040511,194.06182445763864,#1f77b4,a
202.20858482033043,211.8038383070176,#1f77b4,a
203.61984000470216,229.94834648350576,#1f77b4,a
199.55672381397508,213.44399375904828,#1f77b4,a
187.50014656756696,245.76971196668802,#1f77b4,a
191.65448263905918,235.76953242568095,#1f77b4,a
178.37007706142,243.98092237012168,#1f77b4,a
186.42170092661766,258.39092422724036,#1f77b4,a
199.81458390949922,254.56543284990744,#1f77b4,a
201.20317666551387,264.996891111486,#1f77b4,a
199.0538308846472,256.4966518472029,#1f77b4,a
174.81282430352536,275.40377184323495,#1f77b4,a
177.62203343341773,275.668641758154,#1f77b4,a
168.12400299486592,276.3124727761927,#1f77b4,a
193.8319839531864,267.64594470253894,#1f77b4,a
170.2791187891383,266.98971112910436,#1f77b4,a
197.10397863086234,275.4770501406597,#1f77b4,a
174.48966580161556,267.7624613419016,#1f77b4,a
180.8226585368004,272.30756816916016,#1f77b4,a
129.7416856665314,257.2037378267371,#1f77b4,a
97.80075391788704,267.51641762573286,#1f77b4,a
105.23826729012663,263.6296247599855,#1f77b4,a
148.82136002847847,276.3220266567031,#1f77b4,a
155.18509030905122,272.7929267814235,#1f77b4,a
148.56048674938077,312.08926630477276,#1f77b4,a
154.62499513223895,310.4894587294715,#1f77b4,a
144.67636226213773,323.1453054450076,#1f77b4,a
160.30178460399247,332.1608876833408,#1f77b4,a
178.86903252913936,332.2884207331688,#1f77b4,a
166.71726612511847,347.25740825043266,#1f77b4,a
175.7937690262663,326.6282011197178,#1f77b4,a
178.05761948975183,357.8917100895648,#1f77b4,a
177.96763987734607,337.68862661344707,#1f77b4,a
170.4079469506742,338.303380318254,#1f77b4,a
163.50155755137544,360.1571821107776,#1f77b4,a
166.86867790697667,347.6641221174452,#1f77b4,a
181.66488688240347,380.4871937292042,#1f77b4,a
161.75136818005038,349.7198901930575,#1f77b4,a
159.78833016367747,370.96248577343107,#1f77b4,a
175.45830615352233,360.39373320695165,#1f77b4,a
176.02636271912982,369.25132185891187,#1f77b4,a
153.3962591029604,380.9758898802329,#1f77b4,a
186.96133854259463,368.1480059941854,#1f77b4,a
167.9264273628182,361.28493610877194,#1f77b4,a
180.53424897372446,368.19968912435127,#1f77b4,a
171.6612815360966,368.48004095435715,#1f77b4,a
189.6749672594203,363.90507390602613,#1f77b4,a
161.6257780411087,398.42567236483046,#1f77b4,a
181.39548945179524,383.1450112159105,#1f77b4,a
161.78265947827305,394.55256728717995,#1f77b4,a
185.1768849067142,386.07939751332367,#1f77b4,a
183.67990601865054,368.0723022199153,#1f77b4,a
171.648895754962,371.1563962501569,#1f77b4,a
184.8301150021836,394.7617814118728,#1f77b4,a
155.71383721793472,392.75075140611796,#1f77b4,a
170.135554330989,379.56430445760805,#1f77b4,a
131.9109336227761,365.3826376215072,#1f77b4,a
125.82672183825376,362.4976081774314,#1f77b4,a
134.08548327441545,355.3319025405718,#1f77b4,a
126.29230112214897,348.71355607617977,#1f77b4,a
112.13686610585927,360.46849767178094,#1f77b4,a
126.8560317796289,345.4336506723485,#1f77b4,a
141.79294251002415,347.83672752429504,#1f77b4,a
115.64788237132734,311.89280651581817,#1f77b4,a
128.44163415423915,308.77803490437003,#1f77b4,a
128.15968868146345,318.78223653904035,#1f77b4,a
103.41072931586854,272.6938801910921,#1f77b4,a
138.7802258525044,303.99901476334463,#1f77b4,a
112.32802976630809,261.4996277362393,#1f77b4,a
105.93028126064524,264.62640760592404,#1f77b4,a
135.74963829456024,267.0181164183956,#1f77b4,a
116.51214861240479,256.0590589555,#1f77b4,a
130.87601831271212,271.90832484126986,#1f77b4,a
125.13589309572234,275.46896121564964,#1f77b4,a
131.16058382405606,249.1462294569694,#1f77b4,a
113.17681851604223,266.66435598109354,#1f77b4,a
102.29939809833725,274.8174442118341,#1f77b4,a
116.19016902412882,263.5651056622386,#1f77b4,a
83.17199120810423,247.77318269745712,#1f77b4,a
91.12557083230256,249.69975747959376,#1f77b4,a
89.78515172559588,211.10035952642653,#1f77b4,a
91.34002449758832,216.56675487364384,#1f77b4,a
74.21789715179895,206.1375776605068,#1f77b4,a
85.95716484317329,221.21722143959698,#1f77b4,a
232.10258896697232,380.9768898198919,#1f77b4,a
235.05011384912703,358.4134916258756,#1f77b4,a
226.80491042355365,366.89200437657735,#1f77b4,a
218.22035997356795,388.3882615927097,#1f77b4,a
232.18268009267516,380.17794583077705,#1f77b4,a
246.09595584599055,392.18808130192986,#1f77b4,a
237.021623210376,383.0468482386912,#1f77b4,a
236.84458184284543,373.7627638680385,#1f77b4,a
253.6041216333648,404.26967497276814,#1f77b4,a
238.99952704921228,377.86712430990315,#1f77b4,a
225.12308851637968,414.51720340061723,#1f77b4,a
257.46103267404936,397.8560542205763,#1f77b4,a
231.9012700569811,407.83960908382403,#1f77b4,a
234.66951205180007,376.82335552502474,#1f77b4,a
237.50063700315522,387.8378572240625,#1f77b4,a
235.43156280824508,400.3455469900891,#1f77b4,a
235.5768494658875,374.9866231153417,#1f77b4,a
198.68933449418049,356.7805059231814,#1f77b4,a
191.37954044457825,385.80445398320035,#1f77b4,a
197.74393460604173,351.68269548126784,#1f77b4,a
197.68710900636714,335.72803530660207,#1f77b4,a
199.1239897596619,349.4411206401171,#1f77b4,a
172.83073899777378,319.44565350581723,#1f77b4,a
182.4408133464129,339.8355500201376,#1f77b4,a
186.70657696529162,327.0005514482036,#1f77b4,a
152.18969126283864,312.955269518972,#1f77b4,a
136.2912470313098,277.00462691563496,#1f77b4,a
152.61236376736767,296.8078560790019,#1f77b4,a
161.4152117200372,286.24820988038766,#1f77b4,a
148.7035655187913,248.97834027752623,#1f77b4,a
162.03906532985332,273.2458196181895,#1f77b4,a
132.4724029797001,275.4779688498834,#1f77b4,a
145.15486324820046,232.82400055059117,#1f77b4,a
139.56964565091022,265.2444622266107,#1f77b4,a
130.76284784670156,236.34223530910305,#1f77b4,a
146.12831943046504,250.5643058892202,#1f77b4,a
135.82935550320346,225.6680392319874,#1f77b4,a
145.3261170407976,257.67221427383,#1f77b4,a
137.2923850219482,218.6047442805342,#1f77b4,a
133.79118525642022,250.34312407630958,#1f77b4,a
107.22882546050975,223.7499447879378,#1f77b4,a
100.35439867982218,249.43006693147325,#1f77b4,a
125.64165535431209,220.65767834698988,#1f77b4,a
105.22679286772765,217.22864090386213,#1f77b4,a
91.05651059033397,191.58408722429323,#1f77b4,a
86.24968231820439,189.04113371458442,#1f77b4,a
83.18051484381321,174.49863729959236,#1f77b4,a
71.05572898760573,202.92112152482946,#1f77b4,a
64.1440917613328,196.04794192922458,#1f77b4,a
59.261101430083755,178.99517136964357,#1f77b4,a
51.63146610379948,180.2448842644916,#1f77b4,a
75.17264145798808,173.79605527829227,#1f77b4,a
43.24514903887854,181.27058382368767,#1f77b4,a
54.27715150394934,161.74727348234074,#1f77b4,a
42.14209512512834,180.80599609184657,#1f77b4,a
61.547848814827404,158.1496414799185,#1f77b4,a
69.71154744009897,164.0797924815061,#1f77b4,a
39.03703577376769,150.7742229299064,#1f77b4,a
61.91691541111539,158.82540512021467,#1f77b4,a
29.216320783794394,162.15625623277492,#1f77b4,a
34.634624338406255,129.19677698079823,#1f77b4,a
35.29645566614246,132.96488823642125,#1f77b4,a
33.23379687123342,150.49333427440206,#1f77b4,a
26.587937260970413,127.48809047362147,#1f77b4,a
46.88360422089524,142.45301520729953,#1f77b4,a
33.74172372709188,146.35543447525646,#1f77b4,a
29.313267633379105,138.0420327009101,#1f77b4,a
49.953418324178216,111.32420604362937,#1f77b4,a
42.650855135628994,119.86696710670117,#1f77b4,a
56.46985340600414,134.6701981611015,#1f77b4,a
52.0947301303823,122.63631764303886,#1f77b4,a
27.288551190763407,98.61631127709387,#1f77b4,a
56.18072271353619,108.17701793146193,#1f77b4,a
31.33747560765959,91.65679497017413,#1f77b4,a
53.703816365880115,110.02951289028397,#1f77b4,a
26.982655515287355,102.0125496410198,#1f77b4,a
51.86202216480307,93.8307169751298,#1f77b4,a
47.462482110287,91.18493953867204,#1f77b4,a
60.23752795323329,79.58243737740878,#1f77b4,a
62.653166668041514,112.34192316023939,#1f77b4,a
25.471817867201032,87.66075689299117,#1f77b4,a
32.10712432497563,73.74385695583743,#1f77b4,a
50.604052898796105,65.98256193513373,#1f77b4,a
42.30056205942066,68.86294991325138,#1f77b4,a
36.74333340523166,73.27204877110813,#1f77b4,a
25.72375025566653,93.37890561180262,#1f77b4,a
46.123429143486966,72.89897969699058,#1f77b4,a
24.75525679509798,83.35416994680747,#1f77b4,a
54.05665384137669,73.55788897063888,#1f77b4,a
48.28584540644562,73.19608327515539,#1f77b4,a
65.27986520490552,85.93479834662429,#1f77b4,a
90.12997771365458,103.76299485997617,#1f77b4,a
85.18959728789652,143.63311338480628,#1f77b4,a
106.07273469802604,148.55374426378518,#1f77b4,a
100.85707039516777,172.2514689984805,#1f77b4,a
118.65730515117922,205.57987262089824,#1f77b4,a
149.74798652480635,230.97060838475602,#1f77b4,a
128.15421392451265,220.04951925953503,#1f77b4,a
151.0876506995547,241.15145870302814,#1f77b4,a
164.2855443062416,272.92052979415666,#1f77b4,a
186.31620461646202,268.0303995290598,#1f77b4,a
160.81527044256694,265.1584240382766,#1f77b4,a
187.4137322500559,249.61568614123448,#1f77b4,a
162.09402250384906,275.40641537734246,#1f77b4,a
196.8360194554321,299.70657023244974,#1f77b4,a
182.03412610125108,290.87602731662685,#1f77b4,a
189.2796041458637,282.8283482343085,#1f77b4,a
192.93192136772393,290.73885640389835,#1f77b4,a
214.04906837665447,307.30700362378764,#1f77b4,a
198.81240625912704,287.2769151467312,#1f77b4,a
199.1490068867747,291.98123263878983,#1f77b4,a
194.0096000868103,303.5845623010524,#1f77b4,a
218.64313685946397,326.40314092612823,#1f77b4,a
210.68049241590492,328.29148363857644,#1f77b4,a
199.76599420288773,302.37123494939874,#1f77b4,a
222.02554942298457,298.76398804578884,#1f77b4,a
222.61769189959725,322.9743803637745,#1f77b4,a
241.60007289325557,328.76164686115607,#1f77b4,a
208.86123844877855,342.7502355785142,#1f77b4,a
220.4949144817411,355.70443869942153,#1f77b4,a
234.5429471181936,339.69054106191237,#1f77b4,a
223.30739770277995,336.10416788867025,#1f77b4,a
123.63886651199127,300.9284305012861,#1f77b4,a
93.95589773220692,319.02104829421774,#1f77b4,a
107.4453512659443,296.68861052846825,#1f77b4,a
109.11641045917186,299.4029777737485,#1f77b4,a
106.97545121280008,298.64575054799957,#1f77b4,a
103.30583165536306,285.2550123350494,#1f77b4,a
75.30482327565109,267.10309336481396,#1f77b4,a
55.61134492561675,225.57948915080362,#1f77b4,a
67.16241554763623,223.1936424498848,#1f77b4,a
64.04512565078906,219.16495136089003,#1f77b4,a
73.11617137533392,233.9692376230165,#1f77b4,a
55.157431032524634,243.00198165044054,#1f77b4,a
83.93159243247082,252.37810236369515,#1f77b4,a
91.51602076054306,277.61072964397545,#1f77b4,a
115.0769854302909,267.3682915054751,#1f77b4,a
119.73833543105782,307.1508854924342,#1f77b4,a
135.80525114333375,319.8189886372968,#1f77b4,a
148.0376829665259,328.7735559318822,#1f77b4,a
139.91883370011053,334.5749500090378,#1f77b4,a
155.13345242273272,343.28773827727485,#1f77b4,a
170.9179296068671,363.3265002013511,#1f77b4,a
149.42372873307605,342.86816409690334,#1f77b4,a
189.51898807237725,376.38738008606225,#1f77b4,a
193.7111997926842,370.35981222046894,#1f77b4,a
178.39225254305788,394.2219447011273,#1f77b4,a
200.4659088776379,366.4843906520524,#1f77b4,a
194.53230005716355,374.99434928623475,#1f77b4,a
184.97702054024293,386.1873739313475,#1f77b4,a
